"102"	[["607", 1.0000000000000002], ["232", 1.0000000000000002], ["159", 1.0000000000000002], ["149", 1.0000000000000002], ["96", 1.0], ["95", 1.0], ["9", 1.0], ["86", 1.0], ["79", 1.0], ["78", 1.0]]
"113"	[["231", 1.0000000000000002], ["94", 1.0], ["90", 1.0], ["85", 1.0], ["83", 1.0], ["78", 1.0], ["77", 1.0], ["69", 1.0], ["61", 1.0], ["598", 1.0]]
"12"	[["99", 1.0], ["95", 1.0], ["84", 1.0], ["66", 1.0], ["62", 1.0], ["610", 1.0], ["606", 1.0], ["605", 1.0], ["602", 1.0], ["6", 1.0]]
"124"	[["137", 1.0000000000000002], ["99", 1.0], ["98", 1.0], ["97", 1.0], ["96", 1.0], ["9", 1.0], ["88", 1.0], ["86", 1.0], ["85", 1.0], ["74", 1.0]]
"135"	[["87", 1.0], ["85", 1.0], ["595", 1.0], ["569", 1.0], ["556", 1.0], ["550", 1.0], ["548", 1.0], ["547", 1.0], ["539", 1.0], ["52", 1.0]]
"146"	[["42", 1.0000000000000002], ["91", 1.0], ["89", 1.0], ["84", 1.0], ["66", 1.0], ["610", 1.0], ["600", 1.0], ["588", 1.0], ["587", 1.0], ["586", 1.0]]
"157"	[["95", 1.0], ["93", 1.0], ["72", 1.0], ["66", 1.0], ["605", 1.0], ["60", 1.0], ["595", 1.0], ["593", 1.0], ["59", 1.0], ["589", 1.0]]
"160"	[["145", 1.0000000000000002], ["92", 1.0], ["90", 1.0], ["85", 1.0], ["65", 1.0], ["598", 1.0], ["583", 1.0], ["576", 1.0], ["564", 1.0], ["533", 1.0]]
"168"	[["99", 1.0], ["96", 1.0], ["95", 1.0], ["94", 1.0], ["90", 1.0], ["88", 1.0], ["86", 1.0], ["81", 1.0], ["8", 1.0], ["79", 1.0]]
"171"	[["59", 1.0000000000000002], ["93", 1.0], ["86", 1.0], ["85", 1.0], ["81", 1.0], ["80", 1.0], ["77", 1.0], ["70", 1.0], ["67", 1.0], ["65", 1.0]]
"179"	[["445", 1.0000000000000002], ["155", 1.0000000000000002], ["98", 1.0], ["97", 1.0], ["95", 1.0], ["90", 1.0], ["89", 1.0], ["86", 1.0], ["79", 1.0], ["74", 1.0]]
"182"	[["92", 1.0], ["550", 1.0], ["547", 1.0], ["496", 1.0], ["485", 1.0], ["388", 1.0], ["358", 1.0], ["355", 1.0], ["293", 1.0], ["291", 1.0]]
"193"	[["94", 1.0], ["93", 1.0], ["82", 1.0], ["81", 1.0], ["79", 1.0], ["70", 1.0], ["69", 1.0], ["67", 1.0], ["65", 1.0], ["62", 1.0]]
"201"	[["402", 1.0000000000000002], ["97", 1.0], ["90", 1.0], ["67", 1.0], ["60", 1.0], ["595", 1.0], ["591", 1.0], ["585", 1.0], ["583", 1.0], ["575", 1.0]]
"209"	[["97", 1.0], ["95", 1.0], ["93", 1.0], ["9", 1.0], ["74", 1.0], ["69", 1.0], ["61", 1.0], ["609", 1.0], ["607", 1.0], ["605", 1.0]]
"212"	[["99", 1.0], ["94", 1.0], ["92", 1.0], ["90", 1.0], ["87", 1.0], ["591", 1.0], ["587", 1.0], ["58", 1.0], ["571", 1.0], ["55", 1.0]]
"223"	[["99", 1.0], ["87", 1.0], ["81", 1.0], ["71", 1.0], ["61", 1.0], ["585", 1.0], ["582", 1.0], ["576", 1.0], ["572", 1.0], ["571", 1.0]]
"23"	[["492", 1.0000000000000002], ["466", 1.0000000000000002], ["99", 1.0], ["97", 1.0], ["94", 1.0], ["90", 1.0], ["87", 1.0], ["81", 1.0], ["77", 1.0], ["71", 1.0]]
"234"	[["98", 1.0], ["90", 1.0], ["87", 1.0], ["61", 1.0], ["589", 1.0], ["582", 1.0], ["576", 1.0], ["575", 1.0], ["565", 1.0], ["563", 1.0]]
"245"	[["96", 1.0], ["95", 1.0], ["91", 1.0], ["89", 1.0], ["76", 1.0], ["7", 1.0], ["66", 1.0], ["607", 1.0], ["601", 1.0], ["594", 1.0]]
"256"	[["583", 1.0000000000000002], ["84", 1.0], ["81", 1.0], ["8", 1.0], ["79", 1.0], ["77", 1.0], ["74", 1.0], ["71", 1.0], ["69", 1.0], ["67", 1.0]]
"267"	[["90", 1.0], ["89", 1.0], ["77", 1.0], ["67", 1.0], ["609", 1.0], ["604", 1.0], ["6", 1.0], ["598", 1.0], ["595", 1.0], ["585", 1.0]]
"270"	[["98", 1.0], ["96", 1.0], ["93", 1.0], ["89", 1.0], ["82", 1.0], ["8", 1.0], ["78", 1.0], ["76", 1.0], ["74", 1.0], ["609", 1.0]]
"278"	[["68", 1.0], ["62", 1.0], ["610", 1.0], ["603", 1.0], ["60", 1.0], ["59", 1.0], ["589", 1.0], ["588", 1.0], ["58", 1.0], ["579", 1.0]]
"281"	[["438", 1.0000000000000002], ["80", 1.0], ["74", 1.0], ["66", 1.0], ["65", 1.0], ["62", 1.0], ["60", 1.0], ["6", 1.0], ["593", 1.0], ["580", 1.0]]
"289"	[["93", 1.0], ["84", 1.0], ["83", 1.0], ["82", 1.0], ["76", 1.0], ["71", 1.0], ["69", 1.0], ["68", 1.0], ["61", 1.0], ["601", 1.0]]
"292"	[["87", 1.0], ["85", 1.0], ["588", 1.0], ["571", 1.0], ["569", 1.0], ["568", 1.0], ["547", 1.0], ["538", 1.0], ["536", 1.0], ["506", 1.0]]
"3"	[["96", 1.0], ["93", 1.0], ["91", 1.0], ["89", 1.0], ["82", 1.0], ["64", 1.0], ["63", 1.0], ["62", 1.0], ["606", 1.0], ["603", 1.0]]
"300"	[["98", 1.0], ["88", 1.0], ["80", 1.0], ["8", 1.0], ["76", 1.0], ["72", 1.0], ["7", 1.0], ["67", 1.0], ["65", 1.0], ["607", 1.0]]
"308"	[["229", 1.0000000000000002], ["97", 1.0], ["90", 1.0], ["81", 1.0], ["74", 1.0], ["70", 1.0], ["69", 1.0], ["595", 1.0], ["583", 1.0], ["579", 1.0]]
"311"	[["325", 1.0000000000000002], ["96", 1.0], ["89", 1.0], ["80", 1.0], ["71", 1.0], ["70", 1.0], ["62", 1.0], ["602", 1.0], ["601", 1.0], ["594", 1.0]]
"319"	[["99", 1.0], ["98", 1.0], ["96", 1.0], ["95", 1.0], ["94", 1.0], ["93", 1.0], ["89", 1.0], ["81", 1.0], ["79", 1.0], ["72", 1.0]]
"322"	[["99", 1.0], ["85", 1.0], ["604", 1.0], ["60", 1.0], ["592", 1.0], ["589", 1.0], ["588", 1.0], ["584", 1.0], ["583", 1.0], ["579", 1.0]]
"333"	[["368", 1.0000000000000002], ["99", 1.0], ["96", 1.0], ["95", 1.0], ["94", 1.0], ["86", 1.0], ["80", 1.0], ["79", 1.0], ["77", 1.0], ["73", 1.0]]
"34"	[["99", 1.0], ["90", 1.0], ["9", 1.0], ["8", 1.0], ["79", 1.0], ["74", 1.0], ["71", 1.0], ["604", 1.0], ["60", 1.0], ["598", 1.0]]
"344"	[["93", 1.0], ["90", 1.0], ["89", 1.0], ["8", 1.0], ["71", 1.0], ["70", 1.0], ["65", 1.0], ["61", 1.0], ["6", 1.0], ["597", 1.0]]
"355"	[["266", 1.0000000000000002], ["117", 1.0000000000000002], ["99", 1.0], ["96", 1.0], ["95", 1.0], ["94", 1.0], ["9", 1.0], ["89", 1.0], ["87", 1.0], ["84", 1.0]]
"366"	[["241", 1.0000000000000002], ["97", 1.0], ["96", 1.0], ["9", 1.0], ["89", 1.0], ["84", 1.0], ["78", 1.0], ["71", 1.0], ["61", 1.0], ["603", 1.0]]
"377"	[["99", 1.0], ["98", 1.0], ["96", 1.0], ["90", 1.0], ["9", 1.0], ["87", 1.0], ["86", 1.0], ["83", 1.0], ["81", 1.0], ["75", 1.0]]
"380"	[["375", 1.0000000000000002], ["92", 1.0], ["85", 1.0], ["574", 1.0], ["547", 1.0], ["535", 1.0], ["515", 1.0], ["383", 1.0], ["285", 1.0], ["278", 1.0]]
"388"	[["169", 1.0000000000000002], ["98", 1.0], ["84", 1.0], ["83", 1.0], ["70", 1.0], ["67", 1.0], ["64", 1.0], ["63", 1.0], ["610", 1.0], ["608", 1.0]]
"391"	[["87", 1.0], ["574", 1.0], ["571", 1.0], ["556", 1.0], ["545", 1.0], ["53", 1.0], ["519", 1.0], ["518", 1.0], ["499", 1.0], ["496", 1.0]]
"399"	[["99", 1.0], ["88", 1.0], ["74", 1.0], ["65", 1.0], ["609", 1.0], ["602", 1.0], ["60", 1.0], ["598", 1.0], ["589", 1.0], ["587", 1.0]]
"407"	[["93", 1.0], ["90", 1.0], ["84", 1.0], ["78", 1.0], ["69", 1.0], ["61", 1.0], ["603", 1.0], ["594", 1.0], ["563", 1.0], ["562", 1.0]]
"410"	[["554", 1.0000000000000002], ["94", 1.0], ["90", 1.0], ["9", 1.0], ["88", 1.0], ["83", 1.0], ["78", 1.0], ["77", 1.0], ["73", 1.0], ["62", 1.0]]
"418"	[["97", 1.0], ["96", 1.0], ["9", 1.0], ["86", 1.0], ["79", 1.0], ["77", 1.0], ["75", 1.0], ["72", 1.0], ["71", 1.0], ["70", 1.0]]
"421"	[["95", 1.0], ["93", 1.0], ["89", 1.0], ["88", 1.0], ["84", 1.0], ["82", 1.0], ["78", 1.0], ["73", 1.0], ["72", 1.0], ["610", 1.0]]
"429"	[["96", 1.0], ["76", 1.0], ["73", 1.0], ["70", 1.0], ["7", 1.0], ["610", 1.0], ["605", 1.0], ["603", 1.0], ["596", 1.0], ["593", 1.0]]
"432"	[["99", 1.0], ["92", 1.0], ["9", 1.0], ["85", 1.0], ["598", 1.0], ["589", 1.0], ["578", 1.0], ["576", 1.0], ["571", 1.0], ["558", 1.0]]
"443"	[["93", 1.0], ["9", 1.0], ["89", 1.0], ["84", 1.0], ["79", 1.0], ["70", 1.0], ["609", 1.0], ["605", 1.0], ["604", 1.0], ["594", 1.0]]
"45"	[["92", 1.0], ["65", 1.0], ["576", 1.0], ["574", 1.0], ["571", 1.0], ["568", 1.0], ["55", 1.0], ["536", 1.0], ["53", 1.0], ["516", 1.0]]
"454"	[["90", 1.0], ["84", 1.0], ["80", 1.0], ["77", 1.0], ["76", 1.0], ["73", 1.0], ["72", 1.0], ["70", 1.0], ["7", 1.0], ["594", 1.0]]
"465"	[["609", 1.0000000000000002], ["604", 1.0000000000000002], ["51", 1.0000000000000002], ["446", 1.0000000000000002], ["99", 1.0], ["94", 1.0], ["93", 1.0], ["89", 1.0], ["88", 1.0], ["85", 1.0]]
"476"	[["442", 1.0000000000000002], ["290", 1.0000000000000002], ["97", 1.0], ["96", 1.0], ["90", 1.0], ["88", 1.0], ["80", 1.0], ["79", 1.0], ["75", 1.0], ["74", 1.0]]
"487"	[["96", 1.0], ["93", 1.0], ["90", 1.0], ["84", 1.0], ["8", 1.0], ["79", 1.0], ["72", 1.0], ["69", 1.0], ["603", 1.0], ["6", 1.0]]
"490"	[["99", 1.0], ["90", 1.0], ["9", 1.0], [["82", 1.0], ["81", 1.0], ["79", 1.0], ["72", 1.0], ["71", 1.0], ["70", 1.0], ["69", 1.0]]
"498"	[["95", 1.0], ["90", 1.0], ["83", 1.0], ["79", 1.0], ["76", 1.0], ["75", 1.0], ["74", 1.0], ["73", 1.0], ["70", 1.0], ["69", 1.0]]
"506"	[["80", 1.0], ["74", 1.0], ["7", 1.0], ["608", 1.0], ["605", 1.0], ["604", 1.0], ["603", 1.0], ["602", 1.0], ["600", 1.0], ["586", 1.0]]
"517"	[["363", 1.0000000000000002], ["99", 1.0], ["92", 1.0], ["90", 1.0], ["87", 1.0], ["67", 1.0], ["60", 1.0], ["595", 1.0], ["589", 1.0], ["588", 1.0]]
"520"	[["521", 1.0000000000000002], ["494", 1.0000000000000002], ["92", 1.0], ["85", 1.0], ["70", 1.0], ["602", 1.0], ["598", 1.0], ["592", 1.0], ["59", 1.0], ["589", 1.0]]
"528"	[["98", 1.0], ["94", 1.0], ["69", 1.0], ["67", 1.0], ["609", 1.0], ["604", 1.0], ["60", 1.0], ["598", 1.0], ["592", 1.0], ["584", 1.0]]
"531"	[["97", 1.0], ["93", 1.0], ["90", 1.0], ["88", 1.0], ["8", 1.0], ["76", 1.0], ["73", 1.0], ["7", 1.0], ["67", 1.0], ["61", 1.0]]
"539"	[["96", 1.0], ["93", 1.0], ["88", 1.0], ["86", 1.0], ["85", 1.0], ["83", 1.0], ["79", 1.0], ["77", 1.0], ["75", 1.0], ["70", 1.0]]
"542"	[["152", 1.0000000000000002], ["99", 1.0], ["97", 1.0], ["96", 1.0], ["92", 1.0], ["9", 1.0], ["84", 1.0], ["78", 1.0], ["77", 1.0], ["67", 1.0]]
"553"	[["102", 1.0000000000000002], ["99", 1.0], ["97", 1.0], ["96", 1.0], ["95", 1.0], ["94", 1.0], ["90", 1.0], ["89", 1.0], ["88", 1.0], ["75", 1.0]]
"56"	[["95", 1.0], ["88", 1.0], ["79", 1.0], ["74", 1.0], ["72", 1.0], ["70", 1.0], ["65", 1.0], ["63", 1.0], ["62", 1.0], ["61", 1.0]]
"564"	[["29", 1.0000000000000002], ["241", 1.0000000000000002], ["88", 1.0], ["86", 1.0], ["77", 1.0], ["72", 1.0], ["609", 1.0], ["607", 1.0], ["602", 1.0], ["60", 1.0]]
"575"	[["99", 1.0], ["96", 1.0], ["94", 1.0], ["92", 1.0], ["86", 1.0], ["84", 1.0], ["81", 1.0], ["8", 1.0], ["79", 1.0], ["77", 1.0]]
"586"	[["90", 1.0], ["9", 1.0], ["71", 1.0], ["61", 1.0], ["60", 1.0], ["598", 1.0], ["595", 1.0], ["589", 1.0], ["587", 1.0], ["585", 1.0]]
"597"	[["37", 1.0000000000000002], ["92", 1.0], ["9", 1.0], ["88", 1.0], ["87", 1.0], ["80", 1.0], ["77", 1.0], ["585", 1.0], ["583", 1.0], ["569", 1.0]]
"605"	[["588", 1.0000000000000002], ["463", 1.0000000000000002], ["99", 1.0], ["97", 1.0], ["90", 1.0], ["61", 1.0], ["609", 1.0], ["604", 1.0], ["601", 1.0], ["598", 1.0]]
"67"	[["99", 1.0], ["96", 1.0], ["93", 1.0], ["9", 1.0], ["8", 1.0], ["77", 1.0], ["72", 1.0], ["71", 1.0], ["65", 1.0], ["61", 1.0]]
"70"	[["95", 1.0], ["90", 1.0], ["86", 1.0], ["85", 1.0], ["83", 1.0], ["81", 1.0], ["77", 1.0], ["73", 1.0], ["71", 1.0], ["69", 1.0]]
"78"	[["401", 1.0000000000000002], ["395", 1.0000000000000002], ["97", 1.0], ["9", 1.0], ["88", 1.0], ["79", 1.0], ["77", 1.0], ["73", 1.0], ["67", 1.0], ["61", 1.0]]
"81"	[["369", 1.0000000000000002], ["237", 1.0000000000000002], ["95", 1.0], ["90", 1.0], ["89", 1.0], ["79", 1.0], ["75", 1.0], ["74", 1.0], ["73", 1.0], ["69", 1.0]]
"89"	[["90", 1.0], ["87", 1.0], ["81", 1.0], ["80", 1.0], ["79", 1.0], ["72", 1.0], ["70", 1.0], ["69", 1.0], ["609", 1.0], ["604", 1.0]]
"92"	[["95", 1.0], ["89", 1.0], ["86", 1.0], ["76", 1.0], ["71", 1.0], ["66", 1.0], ["64", 1.0], ["62", 1.0], ["610", 1.0], ["606", 1.0]]
"101"	[["88", 1.0], ["86", 1.0], ["85", 1.0], ["83", 1.0], ["76", 1.0], ["74", 1.0], ["72", 1.0], ["605", 1.0], ["6", 1.0], ["597", 1.0]]
"109"	[["48", 1.0000000000000002], ["475", 1.0000000000000002], ["401", 1.0000000000000002], ["27", 1.0000000000000002], ["97", 1.0], ["90", 1.0], ["89", 1.0], ["79", 1.0], ["74", 1.0], ["73", 1.0]]
"11"	[["592", 1.0000000000000002], ["588", 1.0000000000000002], ["476", 1.0000000000000002], ["374", 1.0000000000000002], ["24", 1.0000000000000002], ["142", 1.0000000000000002], ["99", 1.0], ["90", 1.0], ["89", 1.0], ["87", 1.0]]
"112"	[["286", 1.0000000000000002], ["71", 1.0], ["70", 1.0], ["67", 1.0], ["598", 1.0], ["591", 1.0], ["587", 1.0], ["585", 1.0], ["583", 1.0], ["581", 1.0]]
"123"	[["99", 1.0], ["97", 1.0], ["95", 1.0], ["90", 1.0], ["88", 1.0], ["81", 1.0], ["79", 1.0], ["75", 1.0], ["74", 1.0], ["70", 1.0]]
"134"	[["325", 1.0000000000000002], ["98", 1.0], ["97", 1.0], ["80", 1.0], ["78", 1.0], ["72", 1.0], ["71", 1.0], ["605", 1.0], ["598", 1.0], ["596", 1.0]]
"145"	[["609", 1.0000000000000002], ["555", 1.0000000000000002], ["249", 1.0000000000000002], ["169", 1.0000000000000002], ["98", 1.0], ["90", 1.0], ["89", 1.0], ["86", 1.0], ["8", 1.0], ["76", 1.0]]
"156"	[["85", 1.0], ["80", 1.0], ["65", 1.0], ["609", 1.0], ["604", 1.0], ["582", 1.0], ["569", 1.0], ["556", 1.0], ["550", 1.0], ["549", 1.0]]
"167"	[["99", 1.0], ["94", 1.0], ["87", 1.0], ["70", 1.0], ["65", 1.0], ["609", 1.0], ["588", 1.0], ["583", 1.0], ["574", 1.0], ["571", 1.0]]
"170"	[["492", 1.0000000000000002], ["302", 1.0000000000000002], ["97", 1.0], ["95", 1.0], ["86", 1.0], ["76", 1.0], ["75", 1.0], ["74", 1.0], ["69", 1.0], ["61", 1.0]]
"178"	[["99", 1.0], ["92", 1.0], ["9", 1.0], ["80", 1.0], ["73", 1.0], ["65", 1.0], ["609", 1.0], ["604", 1.0], ["60", 1.0], ["598", 1.0]]
"181"	[["574", 1.0000000000000002], ["529", 1.0000000000000002], ["479", 1.0000000000000002], ["350", 1.0000000000000002], ["287", 1.0000000000000002], ["9", 1.0], ["86", 1.0], ["76", 1.0], ["74", 1.0], ["69", 1.0]]
"189"	[["199", 1.0000000000000002], ["98", 1.0], ["96", 1.0], ["89", 1.0], ["84", 1.0], ["82", 1.0], ["80", 1.0], ["79", 1.0], ["78", 1.0], ["75", 1.0]]
"19"	[["92", 1.0], ["88", 1.0], ["87", 1.0], ["556", 1.0], ["549", 1.0], ["53", 1.0], ["516", 1.0], ["513", 1.0], ["5", 1.0], ["471", 1.0]]
"192"	[["96", 1.0], ["95", 1.0], ["83", 1.0], ["79", 1.0], ["73", 1.0], ["71", 1.0], ["70", 1.0], ["62", 1.0], ["610", 1.0], ["61", 1.0]]
"2"	[["98", 1.0], ["93", 1.0], ["86", 1.0], ["84", 1.0], ["78", 1.0], ["70", 1.0], ["7", 1.0], ["69", 1.0], ["61", 1.0], ["600", 1.0]]
"200"	[["130", 1.0000000000000002], ["99", 1.0], ["92", 1.0], ["87", 1.0], ["85", 1.0], ["595", 1.0], ["592", 1.0], ["588", 1.0], ["576", 1.0], ["556", 1.0]]
"208"	[["97", 1.0], ["95", 1.0], ["81", 1.0], ["8", 1.0], ["70", 1.0], ["62", 1.0], ["610", 1.0], ["609", 1.0], ["601", 1.0], ["594", 1.0]]
"211"	[["303", 1.0000000000000002], ["97", 1.0], ["9", 1.0], ["74", 1.0], ["71", 1.0], ["70", 1.0], ["69", 1.0], ["607", 1.0], ["595", 1.0], ["591", 1.0]]
"219"	[["92", 1.0], ["90", 1.0], ["9", 1.0], ["595", 1.0], ["576", 1.0], ["574", 1.0], ["569", 1.0], ["545", 1.0], ["544", 1.0], ["536", 1.0]]
"22"	[["97", 1.0], ["87", 1.0], ["82", 1.0], ["79", 1.0], ["78", 1.0], ["72", 1.0], ["67", 1.0], ["602", 1.0], ["60", 1.0], ["598", 1.0]]
"222"	[["363", 1.0000000000000002], ["85", 1.0], ["71", 1.0], ["70", 1.0], ["609", 1.0], ["556", 1.0], ["550", 1.0], ["55", 1.0], ["545", 1.0], ["54", 1.0]]
"233"	[["90", 1.0], ["9", 1.0], ["598", 1.0], ["591", 1.0], ["587", 1.0], ["584", 1.0], ["583", 1.0], ["574", 1.0], ["571", 1.0], ["565", 1.0]]
"244"	[["56", 1.0000000000000002], ["411", 1.0000000000000002], ["99", 1.0], ["97", 1.0], ["94", 1.0], ["9", 1.0], ["85", 1.0], ["80", 1.0], ["8", 1.0], ["73", 1.0]]
"255"	[["328", 1.0000000000000002], ["98", 1.0], ["94", 1.0], ["93", 1.0], ["9", 1.0], ["87", 1.0], ["86", 1.0], ["83", 1.0], ["8", 1.0], ["79", 1.0]]
"266"	[["9", 1.0], ["74", 1.0], ["73", 1.0], ["601", 1.0], ["591", 1.0], ["589", 1.0], ["582", 1.0], ["574", 1.0], ["569", 1.0], ["568", 1.0]]
"277"	[["98", 1.0], ["95", 1.0], ["89", 1.0], ["82", 1.0], ["79", 1.0], ["77", 1.0], ["76", 1.0], ["75", 1.0], ["71", 1.0], ["7", 1.0]]
"280"	[["577", 1.0000000000000002], ["99", 1.0], ["97", 1.0], ["94", 1.0], ["92", 1.0], ["83", 1.0], ["81", 1.0], ["79", 1.0], ["78", 1.0], ["75", 1.0]]
"288"	[["46", 1.0000000000000002], ["85", 1.0], ["578", 1.0], ["568", 1.0], ["536", 1.0], ["53", 1.0], ["506", 1.0], ["496", 1.0], ["485", 1.0], ["442", 1.0]]
"291"	[["91", 1.0], ["86", 1.0], ["80", 1.0], ["77", 1.0], ["75", 1.0], ["7", 1.0], ["67", 1.0], ["66", 1.0], ["65", 1.0], ["61", 1.0]]
"299"	[["98", 1.0], ["94", 1.0], ["9", 1.0], ["88", 1.0], ["86", 1.0], ["84", 1.0], ["80", 1.0], ["78", 1.0], ["77", 1.0], ["72", 1.0]]
"307"	[["60", 1.0], ["568", 1.0], ["545", 1.0], ["535", 1.0], ["511", 1.0], ["496", 1.0], ["473", 1.0], ["467", 1.0], ["371", 1.0], ["35", 1.0]]
"310"	[["96", 1.0], ["94", 1.0], ["93", 1.0], ["9", 1.0], ["80", 1.0], ["8", 1.0], ["79", 1.0], ["78", 1.0], ["77", 1.0], ["75", 1.0]]
"318"	[["366", 1.0000000000000002], ["92", 1.0], ["609", 1.0], ["583", 1.0], ["576", 1.0], ["575", 1.0], ["569", 1.0], ["548", 1.0], ["545", 1.0], ["536", 1.0]]
"321"	[["565", 1.0000000000000002], ["97", 1.0], ["96", 1.0], ["9", 1.0], ["86", 1.0], ["79", 1.0], ["73", 1.0], ["70", 1.0], ["569", 1.0], ["563", 1.0]]
"329"	[["93", 1.0], ["88", 1.0], ["86", 1.0], ["85", 1.0], ["8", 1.0], ["78", 1.0], ["73", 1.0], ["70", 1.0], ["7", 1.0], ["67", 1.0]]
"33"	[["544", 1.0000000000000002], ["342", 1.0000000000000002], ["27", 1.0000000000000002], ["99", 1.0], ["98", 1.0], ["80", 1.0], ["77", 1.0], ["75", 1.0], ["609", 1.0], ["595", 1.0]]
"332"	[["90", 1.0], ["9", 1.0], ["81", 1.0], ["71", 1.0], ["595", 1.0], ["568", 1.0], ["566", 1.0], ["557", 1.0], ["550", 1.0], ["55", 1.0]]
"343"	[["248", 1.0000000000000002], ["192", 1.0000000000000002], ["97", 1.0], ["93", 1.0], ["90", 1.0], ["8", 1.0], ["79", 1.0], ["78", 1.0], ["69", 1.0], ["65", 1.0]]
"354"	[["99", 1.0], ["9", 1.0], ["87", 1.0], ["609", 1.0], ["604", 1.0], ["60", 1.0], ["575", 1.0], ["568", 1.0], ["563", 1.0], ["550", 1.0]]
"365"	[["237", 1.0000000000000002], ["96", 1.0], ["93", 1.0], ["90", 1.0], ["79", 1.0], ["65", 1.0], ["594", 1.0], ["589", 1.0], ["588", 1.0], ["585", 1.0]]
"376"	[["191", 1.0000000000000002], ["97", 1.0], ["9", 1.0], ["583", 1.0], ["576", 1.0], ["574", 1.0], ["571", 1.0], ["550", 1.0], ["548", 1.0], ["546", 1.0]]
"387"	[["92", 1.0], ["85", 1.0], ["575", 1.0], ["550", 1.0], ["535", 1.0], ["53", 1.0], ["507", 1.0], ["49", 1.0], ["467", 1.0], ["459", 1.0]]
"390"	[["331", 1.0000000000000002], ["97", 1.0], ["96", 1.0], ["87", 1.0], ["81", 1.0], ["80", 1.0], ["8", 1.0], ["79", 1.0], ["75", 1.0], ["70", 1.0]]
"398"	[["98", 1.0], ["96", 1.0], ["94", 1.0], ["93", 1.0], ["90", 1.0], ["9", 1.0], ["89", 1.0], ["85", 1.0], ["83", 1.0], ["82", 1.0]]
"406"	[["91", 1.0], ["87", 1.0], ["72", 1.0], ["603", 1.0], ["600", 1.0], ["6", 1.0], ["597", 1.0], ["596", 1.0], ["591", 1.0], ["571", 1.0]]
"417"	[["97", 1.0], ["89", 1.0], ["84", 1.0], ["79", 1.0], ["74", 1.0], ["69", 1.0], ["67", 1.0], ["65", 1.0], ["609", 1.0], ["604", 1.0]]
"420"	[["314", 1.0000000000000002], ["98", 1.0], ["97", 1.0], ["92", 1.0], ["88", 1.0], ["87", 1.0], ["8", 1.0], ["71", 1.0], ["592", 1.0], ["59", 1.0]]
"428"	[["609", 1.0000000000000002], ["90", 1.0], ["87", 1.0], ["85", 1.0], ["70", 1.0], ["65", 1.0], ["598", 1.0], ["575", 1.0], ["574", 1.0], ["571", 1.0]]
"431"	[["99", 1.0], ["93", 1.0], ["89", 1.0], ["82", 1.0], ["77", 1.0], ["75", 1.0], ["74", 1.0], ["66", 1.0], ["610", 1.0], ["61", 1.0]]
"439"	[["52", 1.0000000000000002], ["94", 1.0], ["9", 1.0], ["89", 1.0], ["85", 1.0], ["77", 1.0], ["73", 1.0], ["71", 1.0], ["65", 1.0], ["609", 1.0]]
"44"	[["604", 1.0000000000000002], ["214", 1.0000000000000002], ["98", 1.0], ["95", 1.0], ["90", 1.0], ["89", 1.0], ["86", 1.0], ["8", 1.0], ["79", 1.0], ["77", 1.0]]
"442"	[["93", 1.0], ["91", 1.0], ["84", 1.0], ["66", 1.0], ["608", 1.0], ["602", 1.0], ["60", 1.0], ["596", 1.0], ["587", 1.0], ["58", 1.0]]
"453"	[["92", 1.0], ["87", 1.0], ["85", 1.0], ["598", 1.0], ["568", 1.0], ["545"", 1.0], ["530", 1.0], ["53", 1.0], ["526", 1.0], ["518", 1.0]]
"464"	[["595", 1.0], ["563", 1.0], ["558", 1.0], ["554", 1.0], ["55", 1.0], ["546", 1.0], ["536", 1.0], ["533", 1.0], ["531", 1.0], ["53", 1.0]]
"475"	[["99", 1.0], ["97", 1.0], ["90", 1.0], ["9", 1.0], ["88", 1.0], ["74", 1.0], ["71", 1.0], ["70", 1.0], ["65", 1.0], ["609", 1.0]]
"486"	[["35", 1.0000000000000002], ["92", 1.0], ["87", 1.0], ["86", 1.0], ["83", 1.0], ["74", 1.0], ["71", 1.0], ["605", 1.0], ["598", 1.0], ["596", 1.0]]
"497"	[["96", 1.0], ["93", 1.0], ["9", 1.0], ["89", 1.0], ["8", 1.0], ["71", 1.0], ["70", 1.0], ["605", 1.0], ["604", 1.0], ["60", 1.0]]
"505"	[["95", 1.0], ["92", 1.0], ["88", 1.0], ["83", 1.0], ["80", 1.0], ["79", 1.0], ["62", 1.0], ["61", 1.0], ["606", 1.0], ["604", 1.0]]
"516"	[["325", 1.0000000000000002], ["98", 1.0], ["94", 1.0], ["93", 1.0], ["90", 1.0], ["9", 1.0], ["89", 1.0], ["83", 1.0], ["81", 1.0], ["7", 1.0]]
"527"	[["98", 1.0], ["97", 1.0], ["9", 1.0], ["85", 1.0], ["80", 1.0], ["69", 1.0], ["61", 1.0], ["598", 1.0], ["582", 1.0], ["581", 1.0]]
"530"	[["262", 1.0000000000000002], ["99", 1.0], ["86", 1.0], ["79", 1.0], ["76", 1.0], ["73", 1.0], ["72", 1.0], ["71", 1.0], ["70", 1.0], ["66", 1.0]]
"538"	[["98", 1.0], ["94", 1.0], ["92", 1.0], ["88", 1.0], ["84", 1.0], ["82", 1.0], ["81", 1.0], ["80", 1.0], ["77", 1.0], ["70", 1.0]]
"541"	[["97", 1.0], ["90", 1.0], ["9", 1.0], ["79", 1.0], ["74", 1.0], ["610", 1.0], ["60", 1.0], ["59", 1.0], ["588", 1.0], ["564", 1.0]]
"549"	[["90", 1.0], ["9", 1.0], ["85", 1.0], ["81", 1.0], ["74", 1.0], ["71", 1.0], ["7", 1.0], ["67", 1.0], ["65", 1.0], ["61", 1.0]]
"55"	[["84", 1.0], ["8", 1.0], ["77", 1.0], ["70", 1.0], ["66", 1.0], ["63", 1.0], ["62", 1.0], ["610", 1.0], ["61", 1.0], ["605", 1.0]]
"552"	[["99", 1.0], ["98", 1.0], ["92", 1.0], ["90", 1.0], ["9", 1.0], ["87", 1.0], ["85", 1.0], ["60", 1.0], ["598", 1.0], ["595", 1.0]]
"563"	[["607", 1.0000000000000002], ["79", 1.0], ["78", 1.0], ["75", 1.0], ["67", 1.0], ["65", 1.0], ["604", 1.0], ["60", 1.0], ["598", 1.0], ["597", 1.0]]
"574"	[["186", 1.0000000000000002], ["88", 1.0], ["86", 1.0], ["82", 1.0], ["74", 1.0], ["72", 1.0], ["70", 1.0], ["69", 1.0], ["67", 1.0], ["65", 1.0]]
"585"	[["99", 1.0], ["98", 1.0], ["94", 1.0], ["82", 1.0], ["81", 1.0], ["8", 1.0], ["78", 1.0], ["77", 1.0], ["70", 1.0], ["69", 1.0]]
"596"	[["92", 1.0], ["87", 1.0], ["60", 1.0], ["575", 1.0], ["571", 1.0], ["56", 1.0], ["553", 1.0], ["547", 1.0], ["546", 1.0], ["545", 1.0]]
"604"	[["97", 1.0], ["92", 1.0], ["90", 1.0], ["89", 1.0], ["86", 1.0], ["80", 1.0], ["74", 1.0], ["7", 1.0], ["69", 1.0], ["601", 1.0]]
"66"	[["65", 1.0], ["60", 1.0], ["595", 1.0], ["578", 1.0], ["576", 1.0], ["568", 1.0], ["547", 1.0], ["544", 1.0], ["54", 1.0], ["538", 1.0]]
"77"	[["97", 1.0], ["93", 1.0], ["90", 1.0], ["84", 1.0], ["72", 1.0], ["65", 1.0], ["607", 1.0], ["605", 1.0], ["591", 1.0], ["577", 1.0]]
"80"	[["482", 1.0000000000000002], ["98", 1.0], ["97", 1.0], ["94", 1.0], ["90", 1.0], ["84", 1.0], ["81", 1.0], ["8", 1.0], ["70", 1.0], ["604", 1.0]]
"88"	[["98", 1.0], ["95", 1.0], ["9", 1.0], ["84", 1.0], ["75", 1.0], ["7", 1.0], ["65", 1.0], ["607", 1.0], ["6", 1.0], ["595", 1.0]]
"91"	[["87", 1.0], ["598", 1.0], ["582", 1.0], ["575", 1.0], ["55", 1.0], ["545", 1.0], ["516", 1.0], ["508", 1.0], ["506", 1.0], ["496", 1.0]]
"99"	[["96", 1.0], ["95", 1.0], ["76", 1.0], ["75", 1.0], ["72", 1.0], ["71", 1.0], ["7", 1.0], ["69", 1.0], ["63", 1.0], ["62", 1.0]]
"1"	[["99", 1.0], ["90", 1.0], ["73", 1.0], ["595", 1.0], ["591", 1.0], ["583", 1.0], ["569", 1.0], ["568", 1.0], ["549", 1.0], ["547", 1.0]]
"10"	[["96", 1.0], ["95", 1.0], ["94", 1.0], ["93", 1.0], ["92", 1.0], ["79", 1.0], ["78", 1.0], ["74", 1.0], ["65", 1.0], ["61", 1.0]]
"100"	[["99", 1.0000000000000002], ["125", 1.0000000000000002], ["79", 1.0], ["78", 1.0], ["77", 1.0], ["75", 1.0], ["70", 1.0], ["609", 1.0], ["604", 1.0], ["601", 1.0]]
"108"	[["97", 1.0], ["93", 1.0], ["89", 1.0], ["86", 1.0], ["84", 1.0], ["83", 1.0], ["80", 1.0], ["76", 1.0], ["75", 1.0], ["69", 1.0]]
"111"	[["99", 1.0], ["92", 1.0], ["9", 1.0], ["81", 1.0], ["79", 1.0], ["71", 1.0], ["70", 1.0], ["588", 1.0], ["587", 1.0], ["578", 1.0]]
"119"	[["97", 1.0], ["9", 1.0], ["79", 1.0], ["69", 1.0], ["609", 1.0], ["605", 1.0], ["598", 1.0], ["595", 1.0], ["591", 1.0], ["59", 1.0]]
"122"	[["90", 1.0], ["9", 1.0], ["85", 1.0], ["595", 1.0], ["576", 1.0], ["544", 1.0], ["531", 1.0], ["518", 1.0], ["506", 1.0], ["492", 1.0]]
"133"	[["605", 1.0000000000000002], ["509", 1.0000000000000002], ["343", 1.0000000000000002], ["169", 1.0000000000000002], ["149", 1.0000000000000002], ["97", 1.0], ["95", 1.0], ["90", 1.0], ["88", 1.0], ["86", 1.0]]
"144"	[["90", 1.0], ["9", 1.0], ["61", 1.0], ["595", 1.0], ["583", 1.0], ["564", 1.0], ["550", 1.0], ["530", 1.0], ["521", 1.0], ["519", 1.0]]
"155"	[["98", 1.0000000000000002], ["94", 1.0000000000000002], ["604", 1.0000000000000002], ["541", 1.0000000000000002], ["529", 1.0000000000000002], ["38", 1.0000000000000002], ["216", 1.0000000000000002], ["213", 1.0000000000000002], ["102", 1.0000000000000002], ["97", 1.0]]
"166"	[["97", 1.0], ["9", 1.0], ["87", 1.0], ["81", 1.0], ["71", 1.0], ["65", 1.0], ["595", 1.0], ["589", 1.0], ["583", 1.0], ["571", 1.0]]
"177"	[["99", 1.0], ["97", 1.0], ["85", 1.0], ["81", 1.0], ["609", 1.0], ["575", 1.0], ["547", 1.0], ["499", 1.0], ["485", 1.0], ["481", 1.0]]
"18"	[["113", 1.0000000000000002], ["92", 1.0], ["598", 1.0], ["548", 1.0], ["547", 1.0], ["546", 1.0], ["531", 1.0], ["505", 1.0], ["496", 1.0], ["478", 1.0]]
"180"	[["140", 1.0000000000000002], ["97", 1.0], ["93", 1.0], ["90", 1.0], ["88", 1.0], ["83", 1.0], ["69", 1.0], ["64", 1.0], ["610", 1.0], ["61", 1.0]]
"188"	[["96", 1.0], ["93", 1.0], ["86", 1.0], ["83", 1.0], ["8", 1.0], ["74", 1.0], ["72", 1.0], ["7", 1.0], ["610", 1.0], ["609", 1.0]]
"191"	[["88", 1.0], ["86", 1.0], ["85", 1.0], ["83", 1.0], ["80", 1.0], ["79", 1.0], ["73", 1.0], ["67", 1.0], ["65", 1.0], ["609", 1.0]]
"199"	[["571", 1.0000000000000002], ["90", 1.0], ["67", 1.0], ["595", 1.0], ["591", 1.0], ["578", 1.0], ["569", 1.0], ["568", 1.0], ["557", 1.0], ["549", 1.0]]
"207"	[["86", 1.0], ["76", 1.0], ["74", 1.0], ["72", 1.0], ["70", 1.0], ["66", 1.0], ["64", 1.0], ["63", 1.0], ["610", 1.0], ["577", 1.0]]
"21"	[["609", 1.0000000000000002], ["451", 1.0000000000000002], ["214", 1.0000000000000002], ["155", 1.0000000000000002], ["142", 1.0000000000000002], ["97", 1.0], ["92", 1.0], ["81", 1.0], ["60", 1.0], ["598", 1.0]]
"210"	[["9", 1.0], ["88", 1.0], ["86", 1.0], ["84", 1.0], ["81", 1.0], ["70", 1.0], ["67", 1.0], ["609", 1.0], ["602", 1.0], ["60", 1.0]]
"218"	[["603", 1.0000000000000002], ["93", 1.0], ["83", 1.0], ["82", 1.0], ["63", 1.0], ["62", 1.0], ["607", 1.0], ["605", 1.0], ["604", 1.0], ["602", 1.0]]
"221"	[["350", 1.0000000000000002], ["97", 1.0], ["94", 1.0], ["87", 1.0], ["81", 1.0], ["65", 1.0], ["609", 1.0], ["604", 1.0], ["584", 1.0], ["581", 1.0]]
"229"	[["523", 1.0000000000000002], ["99", 1.0], ["97", 1.0], ["95", 1.0], ["89", 1.0], ["86", 1.0], ["74", 1.0], ["71", 1.0], ["7", 1.0], ["569", 1.0]]
"232"	[["342", 1.0000000000000002], ["120", 1.0000000000000002], ["99", 1.0], ["92", 1.0], ["90", 1.0], ["87", 1.0], ["575", 1.0], ["574", 1.0], ["571", 1.0], ["569", 1.0]]
"243"	[["95", 1.0], ["93", 1.0], ["83", 1.0], ["81", 1.0], ["8", 1.0], ["79", 1.0], ["75", 1.0], ["71", 1.0], ["69", 1.0], ["61", 1.0]]
"254"	[["90", 1.0], ["595", 1.0], ["589", 1.0], ["574", 1.0], ["568", 1.0], ["550", 1.0], ["55", 1.0], ["548", 1.0], ["535", 1.0], ["533", 1.0]]
"265"	[["172", 1.0000000000000002], ["98", 1.0], ["97", 1.0], ["88", 1.0], ["73", 1.0], ["65", 1.0], ["601", 1.0], ["595", 1.0], ["582", 1.0], ["575", 1.0]]
"276"	[["94", 1.0], ["81", 1.0], ["8", 1.0], ["77", 1.0], ["75", 1.0], ["70", 1.0], ["69", 1.0], ["67", 1.0], ["603", 1.0], ["602", 1.0]]
"287"	[["587", 1.0000000000000002], ["155", 1.0000000000000002], ["98", 1.0], ["97", 1.0], ["93", 1.0], ["83", 1.0], ["8", 1.0], ["75", 1.0], ["69", 1.0], ["67", 1.0]]
"29"	[["176", 1.0000000000000002], ["98", 1.0], ["96", 1.0], ["93", 1.0], ["90", 1.0], ["89", 1.0], ["82", 1.0], ["8", 1.0], ["79", 1.0], ["75", 1.0]]
"290"	[["500", 1.0000000000000002], ["99", 1.0], ["97", 1.0], ["87", 1.0], ["85", 1.0], ["80", 1.0], ["8", 1.0], ["73", 1.0], ["69", 1.0], ["65", 1.0]]
"298"	[["172", 1.0000000000000002], ["92", 1.0], ["8", 1.0], ["595", 1.0], ["576", 1.0], ["574", 1.0], ["544", 1.0], ["536", 1.0], ["530", 1.0], ["53", 1.0]]
"306"	[["97", 1.0], ["95", 1.0], ["77", 1.0], ["69", 1.0], ["67", 1.0], ["61", 1.0], ["603", 1.0], ["598", 1.0], ["594", 1.0], ["578", 1.0]]
"317"	[["238", 1.0000000000000002], ["97", 1.0], ["9", 1.0], ["71", 1.0], ["67", 1.0], ["609", 1.0], ["605", 1.0], ["589", 1.0], ["575", 1.0], ["574", 1.0]]
"32"	[["92", 1.0], ["90", 1.0], ["9", 1.0], ["87", 1.0], ["77", 1.0], ["70", 1.0], ["69", 1.0], ["65", 1.0], ["62", 1.0], ["61", 1.0]]
"320"	[["211", 1.0000000000000002], ["96", 1.0], ["86", 1.0], ["82", 1.0], ["78", 1.0], ["73", 1.0], ["63", 1.0], ["62", 1.0], ["601", 1.0], ["587", 1.0]]
"328"	[["604", 1.0], ["591", 1.0], ["576", 1.0], ["575", 1.0], ["548", 1.0], ["544", 1.0], ["536", 1.0], ["530", 1.0], ["529", 1.0], ["521", 1.0]]
"331"	[["465", 1.0000000000000002], ["143", 1.0000000000000002], ["94", 1.0], ["93", 1.0], ["81", 1.0], ["8", 1.0], ["79", 1.0], ["78", 1.0], ["72", 1.0], ["6", 1.0]]
"339"	[["94", 1.0], ["81", 1.0], ["604", 1.0], ["60", 1.0], ["592", 1.0], ["575", 1.0], ["568", 1.0], ["565", 1.0], ["55", 1.0], ["548", 1.0]]
"342"	[["226", 1.0000000000000002], ["99", 1.0], ["94", 1.0], ["93", 1.0], ["86", 1.0], ["81", 1.0], ["78", 1.0], ["77", 1.0], ["75", 1.0], ["72", 1.0]]
"353"	[["173", 1.0000000000000002], ["98", 1.0], ["90", 1.0], ["89", 1.0], ["79", 1.0], ["78", 1.0], ["75", 1.0], ["7", 1.0], ["62", 1.0], ["601", 1.0]]
"364"	[["603", 1.0000000000000002], ["98", 1.0], ["97", 1.0], ["95", 1.0], ["89", 1.0], ["76", 1.0], ["75", 1.0], ["70", 1.0], ["69", 1.0], ["607", 1.0]]
"375"	[["541", 1.0000000000000002], ["95", 1.0], ["94", 1.0], ["90", 1.0], ["88", 1.0], ["81", 1.0], ["8", 1.0], ["78", 1.0], ["77", 1.0], ["76", 1.0]]
"386"	[["408", 1.0000000000000002], ["356", 1.0000000000000002], ["269", 1.0000000000000002], ["97", 1.0], ["90", 1.0], ["9", 1.0], ["88", 1.0], ["75", 1.0], ["74", 1.0], ["70", 1.0]]
"397"	[["87", 1.0], ["83", 1.0], ["76", 1.0], ["74", 1.0], ["608", 1.0], ["59", 1.0], ["587", 1.0], ["577", 1.0], ["57", 1.0], ["567", 1.0]]
"405"	[["98", 1.0], ["94", 1.0], ["93", 1.0], ["86", 1.0], ["81", 1.0], ["79", 1.0], ["77", 1.0], ["73", 1.0], ["72", 1.0], ["71", 1.0]]
"416"	[["92", 1.0], ["71", 1.0], ["70", 1.0], ["61", 1.0], ["605", 1.0], ["604", 1.0], ["598", 1.0], ["587", 1.0], ["582", 1.0], ["581", 1.0]]
"427"	[["96", 1.0], ["95", 1.0], ["94", 1.0], ["93", 1.0], ["9", 1.0], ["87", 1.0], ["86", 1.0], ["82", 1.0], ["80", 1.0], ["8", 1.0]]
"43"	[["98", 1.0], ["97", 1.0], ["90", 1.0], ["89", 1.0], ["88", 1.0], ["87", 1.0], ["73", 1.0], ["69", 1.0], ["601", 1.0], ["60", 1.0]]
"430"	[["452", 1.0000000000000002], ["98", 1.0], ["95", 1.0], ["94", 1.0], ["90", 1.0], ["9", 1.0], ["88", 1.0], ["86", 1.0], ["8", 1.0], ["79", 1.0]]
"438"	[["92", 1.0], ["85", 1.0], ["598", 1.0], ["595", 1.0], ["575", 1.0], ["537", 1.0], ["535", 1.0], ["533", 1.0], ["53", 1.0], ["526", 1.0]]
"441"	[["98", 1.0], ["97", 1.0], ["95", 1.0], ["89", 1.0], ["85", 1.0], ["80", 1.0], ["79", 1.0], ["74", 1.0], ["71", 1.0], ["70", 1.0]]
"449"	[["490", 1.0000000000000002], ["99", 1.0], ["97", 1.0], ["96", 1.0], ["95", 1.0], ["89", 1.0], ["88", 1.0], ["86", 1.0], ["85", 1.0], ["84", 1.0]]
"452"	[["97", 1.0], ["92", 1.0], ["9", 1.0], ["85", 1.0]], ["77", 1.0], ["67", 1.0], ["61", 1.0], ["609", 1.0], ["598", 1.0], ["595", 1.0]]
"463"	[["560", 1.0000000000000002], ["99", 1.0], ["98", 1.0], ["94", 1.0], ["93", 1.0], ["90", 1.0], ["84", 1.0], ["81", 1.0], ["80", 1.0], ["74", 1.0]]
"474"	[["443", 1.0], ["333", 1.0], ["329", 1.0], ["306", 1.0], ["278", 1.0], ["175", 1.0], ["158", 1.0], ["574", 0.9995120760870788], ["568", 0.9995120760870788], ["544", 0.9986323043168802]]
"485"	[["96", 1.0], ["86", 1.0], ["83", 1.0], ["75", 1.0], ["73", 1.0], ["71", 1.0], ["70", 1.0], ["62", 1.0], ["61", 1.0], ["606", 1.0]]
"496"	[["275", 1.0000000000000002], ["97", 1.0], ["95", 1.0], ["89", 1.0], ["82", 1.0], ["80", 1.0], ["76", 1.0], ["73", 1.0], ["61", 1.0], ["608", 1.0]]
"504"	[["86", 1.0000000000000002], ["67", 1.0000000000000002], ["247", 1.0000000000000002], ["233", 1.0000000000000002], ["99", 1.0], ["98", 1.0], ["94", 1.0], ["93", 1.0], ["88", 1.0], ["81", 1.0]]
"515"	[["97", 1.0], ["91", 1.0], ["90", 1.0], ["85", 1.0], ["82", 1.0], ["75", 1.0], ["72", 1.0], ["70", 1.0], ["7", 1.0], ["67", 1.0]]
"526"	[["99", 1.0], ["98", 1.0], ["96", 1.0], ["94", 1.0], ["81", 1.0], ["79", 1.0], ["78", 1.0], ["77", 1.0], ["75", 1.0], ["70", 1.0]]
"537"	[["89", 1.0], ["86", 1.0], ["74", 1.0], ["7", 1.0], ["66", 1.0], ["61", 1.0], ["605", 1.0], ["60", 1.0], ["6", 1.0], ["598", 1.0]]
"54"	[["609", 1.0000000000000002], ["5", 1.0000000000000002], ["404", 1.0000000000000002], ["347", 1.0000000000000002], ["223", 1.0000000000000002], ["214", 1.0000000000000002], ["159", 1.0000000000000002], ["99", 1.0], ["98", 1.0], ["95", 1.0]]
"540"	[["54", 1.0000000000000002], ["99", 1.0], ["93", 1.0], ["9", 1.0], ["88", 1.0], ["83", 1.0], ["81", 1.0], ["8", 1.0], ["74", 1.0], ["73", 1.0]]
"548"	[["95", 1.0], ["93", 1.0], ["90", 1.0], ["88", 1.0], ["84", 1.0], ["83", 1.0], ["8", 1.0], ["78", 1.0], ["73", 1.0], ["69", 1.0]]
"551"	[["90", 1.0], ["9", 1.0], ["604", 1.0], ["602", 1.0], ["592", 1.0], ["59", 1.0], ["584", 1.0], ["575", 1.0], ["569", 1.0], ["566", 1.0]]
"559"	[["456", 1.0000000000000002], ["257", 1.0000000000000002], ["92", 1.0], ["87", 1.0], ["85", 1.0], ["80", 1.0], ["73", 1.0], ["67", 1.0], ["61", 1.0], ["60", 1.0]]
"562"	[["342", 1.0000000000000002], ["155", 1.0000000000000002], ["99", 1.0], ["90", 1.0], ["87", 1.0], ["71", 1.0], ["67", 1.0], ["609", 1.0], ["604", 1.0], ["60", 1.0]]
"573"	[["92", 1.0], ["591", 1.0], ["575", 1.0], ["571", 1.0], ["568", 1.0], ["556", 1.0], ["55", 1.0], ["547", 1.0], ["536", 1.0], ["535", 1.0]]
"584"	[["98", 1.0], ["97", 1.0], ["90", 1.0], ["89", 1.0], ["74", 1.0], ["73", 1.0], ["70", 1.0], ["61", 1.0], ["60", 1.0], ["585", 1.0]]
"595"	[["93", 1.0], ["90", 1.0], ["89", 1.0], ["86", 1.0], ["84", 1.0], ["82", 1.0], ["78", 1.0], ["72", 1.0], ["71", 1.0], ["7", 1.0]]
"603"	[["92", 1.0], ["88", 1.0], ["87", 1.0], ["65", 1.0], ["60", 1.0], ["598", 1.0], ["582", 1.0], ["569", 1.0], ["565", 1.0], ["550", 1.0]]
"65"	[["241", 1.0000000000000002], ["97", 1.0], ["93", 1.0], ["9", 1.0], ["89", 1.0], ["84", 1.0], ["82", 1.0], ["78", 1.0], ["75", 1.0], ["74", 1.0]]
"76"	[["99", 1.0], ["97", 1.0], ["92", 1.0], ["90", 1.0], ["79", 1.0], ["71", 1.0], ["65", 1.0], ["60", 1.0], ["598", 1.0], ["581", 1.0]]
"87"	[["483", 1.0000000000000002], ["95", 1.0], ["93", 1.0], ["92", 1.0], ["84", 1.0], ["74", 1.0], ["66", 1.0], ["610", 1.0], ["606", 1.0], ["603", 1.0]]
"9"	[["95", 1.0], ["89", 1.0], ["88", 1.0], ["87", 1.0], ["86", 1.0], ["84", 1.0], ["82", 1.0], ["77", 1.0], ["75", 1.0], ["74", 1.0]]
"90"	[["232", 1.0000000000000002], ["98", 1.0], ["96", 1.0], ["93", 1.0], ["86", 1.0], ["85", 1.0], ["8", 1.0], ["79", 1.0], ["78", 1.0], ["76", 1.0]]
"98"	[["484", 1.0000000000000002], ["96", 1.0], ["88", 1.0], ["85", 1.0], ["82", 1.0], ["81", 1.0], ["79", 1.0], ["74", 1.0], ["69", 1.0], ["65", 1.0]]
"107"	[["21", 1.0000000000000002], ["1", 1.0000000000000002], ["90", 1.0], ["89", 1.0], ["88", 1.0], ["74", 1.0], ["70", 1.0], ["7", 1.0], ["69", 1.0], ["67", 1.0]]
"110"	[["404", 1.0000000000000002], ["99", 1.0], ["97", 1.0], ["94", 1.0], ["93", 1.0], ["9", 1.0], ["82", 1.0], ["80", 1.0], ["8", 1.0], ["79", 1.0]]
"118"	[["98", 1.0], ["93", 1.0], ["89", 1.0], ["88", 1.0], ["83", 1.0], ["82", 1.0], ["81", 1.0], ["80", 1.0], ["8", 1.0], ["79", 1.0]]
"121"	[["82", 1.0000000000000002], ["507", 1.0000000000000002], ["97", 1.0], ["90", 1.0], ["88", 1.0], ["79", 1.0], ["75", 1.0], ["74", 1.0], ["70", 1.0], ["69", 1.0]]
"129"	[["556", 1.0000000000000002], ["90", 1.0], ["9", 1.0], ["85", 1.0], ["8", 1.0], ["78", 1.0], ["72", 1.0], ["70", 1.0], ["61", 1.0], ["609", 1.0]]
"132"	[["87", 1.0], ["79", 1.0], ["71", 1.0], ["578", 1.0], ["569", 1.0], ["550", 1.0], ["55", 1.0], ["548", 1.0], ["545", 1.0], ["537", 1.0]]
"143"	[["95", 1.0], ["83", 1.0], ["70", 1.0], ["65", 1.0], ["607", 1.0], ["603", 1.0], ["597", 1.0], ["587", 1.0], ["585", 1.0], ["584", 1.0]]
"154"	[["495", 1.0000000000000002], ["91", 1.0], ["89", 1.0], ["83", 1.0], ["82", 1.0], ["8", 1.0], ["79", 1.0], ["7", 1.0], ["69", 1.0], ["67", 1.0]]
"165"	[["562", 1.0000000000000002], ["195", 1.0000000000000002], ["99", 1.0], ["96", 1.0], ["94", 1.0], ["93", 1.0], ["89", 1.0], ["88", 1.0], ["83", 1.0], ["81", 1.0]]
"17"	[["436", 1.0000000000000002], ["347", 1.0000000000000002], ["243", 1.0000000000000002], ["229", 1.0000000000000002], ["130", 1.0000000000000002], ["99", 1.0], ["97", 1.0], ["85", 1.0], ["81", 1.0], ["609", 1.0]]
"176"	[["179", 1.0000000000000002], ["129", 1.0000000000000002], ["97", 1.0], ["95", 1.0], ["8", 1.0], ["79", 1.0], ["75", 1.0], ["74", 1.0], ["61", 1.0], ["598", 1.0]]
"187"	[["5", 1.0000000000000002], ["458", 1.0000000000000002], ["79", 1.0], ["71", 1.0], ["605", 1.0], ["604", 1.0], ["595", 1.0], ["591", 1.0], ["579", 1.0], ["576", 1.0]]
"190"	[["98", 1.0], ["96", 1.0], ["93", 1.0], ["9", 1.0], ["89", 1.0], ["84", 1.0], ["8", 1.0], ["79", 1.0], ["70", 1.0], ["69", 1.0]]
"198"	[["99", 1.0], ["92", 1.0], ["90", 1.0], ["85", 1.0], ["67", 1.0], ["591", 1.0], ["589", 1.0], ["582", 1.0], ["575", 1.0], ["574", 1.0]]
"20"	[["94", 1.0], ["92", 1.0], ["9", 1.0], ["8", 1.0], ["77", 1.0], ["75", 1.0], ["74", 1.0], ["71", 1.0], ["67", 1.0], ["61", 1.0]]
"206"	[["96", 1.0], ["94", 1.0], ["86", 1.0], ["82", 1.0], ["81", 1.0], ["80", 1.0], ["8", 1.0], ["76", 1.0], ["74", 1.0], ["607", 1.0]]
"217"	[["90", 1.0], ["85", 1.0], ["601", 1.0], ["595", 1.0], ["591", 1.0], ["578", 1.0], ["574", 1.0], ["549", 1.0], ["547", 1.0], ["539", 1.0]]
"220"	[["302", 1.0000000000000002], ["120", 1.0000000000000002], ["99", 1.0], ["9", 1.0], ["87", 1.0], ["609", 1.0], ["589", 1.0], ["583", 1.0], ["571", 1.0], ["569", 1.0]]
"228"	[["98", 1.0], ["90", 1.0], ["88", 1.0], ["80", 1.0], ["77", 1.0], ["72", 1.0], ["70", 1.0], ["67", 1.0], ["66", 1.0], ["65", 1.0]]
"231"	[["548", 1.0000000000000002], ["98", 1.0], ["93", 1.0], ["90", 1.0], ["89", 1.0], ["88", 1.0], ["81", 1.0], ["8", 1.0], ["73", 1.0], ["71", 1.0]]
"239"	[["99", 1.0], ["90", 1.0], ["9", 1.0], ["598", 1.0], ["595", 1.0], ["575", 1.0], ["569", 1.0], ["563", 1.0], ["550", 1.0], ["546", 1.0]]
"242"	[["447", 1.0000000000000002], ["32", 1.0000000000000002], ["280", 1.0000000000000002], ["88", 1.0], ["86", 1.0], ["75", 1.0], ["73", 1.0], ["71", 1.0], ["67", 1.0], ["65", 1.0]]
"253"	[["91", 1.0], ["90", 1.0], ["89", 1.0], ["76", 1.0], ["71", 1.0], ["64", 1.0], ["610", 1.0], ["608", 1.0], ["600", 1.0], ["593", 1.0]]
"264"	[["98", 1.0], ["89", 1.0], ["80", 1.0], ["8", 1.0], ["76", 1.0], ["75", 1.0], ["72", 1.0], ["67", 1.0], ["598", 1.0], ["595", 1.0]]
"275"	[["97", 1.0], ["92", 1.0], ["80", 1.0], ["609", 1.0], ["604", 1.0], ["583", 1.0], ["582", 1.0], ["569", 1.0], ["557", 1.0], ["556", 1.0]]
"28"	[["87", 1.0], ["609", 1.0], ["598", 1.0], ["582", 1.0], ["576", 1.0], ["574", 1.0], ["564", 1.0], ["558", 1.0], ["547", 1.0], ["545", 1.0]]
"286"	[["176", 1.0000000000000002], ["99", 1.0], ["94", 1.0], ["93", 1.0], ["92", 1.0], ["90", 1.0], ["74", 1.0], ["604", 1.0], ["602", 1.0], ["60", 1.0]]
"297"	[["455", 1.0000000000000002], ["24", 1.0000000000000002], ["97", 1.0], ["88", 1.0], ["86", 1.0], ["85", 1.0], ["8", 1.0], ["69", 1.0], ["605", 1.0], ["60", 1.0]]
"305"	[["92", 1.0], ["578", 1.0], ["575", 1.0], ["574", 1.0], ["571", 1.0], ["545", 1.0], ["544", 1.0], ["536", 1.0], ["530", 1.0], ["529", 1.0]]
"31"	[["231", 1.0000000000000002], ["121", 1.0000000000000002], ["97", 1.0], ["93", 1.0], ["90", 1.0], ["86", 1.0], ["83", 1.0], ["8", 1.0], ["67", 1.0], ["65", 1.0]]
"316"	[["97", 1.0], ["96", 1.0], ["93", 1.0], ["89", 1.0], ["79", 1.0], ["78", 1.0], ["72", 1.0], ["71", 1.0], ["69", 1.0], ["67", 1.0]]
"327"	[["5", 1.0000000000000002], ["386", 1.0000000000000002], ["96", 1.0], ["95", 1.0], ["94", 1.0], ["88", 1.0], ["86", 1.0], ["83", 1.0], ["81", 1.0], ["8", 1.0]]
"330"	[["87", 1.0], ["591", 1.0], ["582", 1.0], ["575", 1.0], ["556", 1.0], ["550", 1.0], ["55", 1.0], ["536", 1.0], ["535", 1.0], ["508", 1.0]]
"338"	[["84", 1.0], ["8", 1.0], ["67", 1.0], ["603", 1.0], ["60", 1.0], ["6", 1.0], ["598", 1.0], ["592", 1.0], ["588", 1.0], ["585", 1.0]]
"341"	[["99", 1.0], ["96", 1.0], ["94", 1.0], ["90", 1.0], ["86", 1.0], ["84", 1.0], ["80", 1.0], ["8", 1.0], ["72", 1.0], ["71", 1.0]]
"349"	[["503", 1.0000000000000002], ["375", 1.0000000000000002], ["95", 1.0], ["89", 1.0], ["81", 1.0], ["7", 1.0], ["66", 1.0], ["62", 1.0], ["61", 1.0], ["609", 1.0]]
"352"	[["85", 1.0], ["592", 1.0], ["584", 1.0], ["575", 1.0], ["568", 1.0], ["559", 1.0], ["558", 1.0], ["545", 1.0], ["538", 1.0], ["530", 1.0]]
"363"	[["581", 1.0000000000000002], ["401", 1.0000000000000002], ["371", 1.0000000000000002], ["97", 1.0], ["90", 1.0], ["88", 1.0], ["79", 1.0], ["73", 1.0], ["69", 1.0], ["67", 1.0]]
"374"	[["98", 1.0], ["95", 1.0], ["90", 1.0], ["88", 1.0], ["87", 1.0], ["80", 1.0], ["75", 1.0], ["74", 1.0], ["73", 1.0], ["67", 1.0]]
"385"	[["504", 1.0000000000000002], ["269", 1.0000000000000002], ["257", 1.0000000000000002], ["145", 1.0000000000000002], ["9", 1.0], ["80", 1.0], ["73", 1.0], ["67", 1.0], ["65", 1.0], ["601", 1.0]]
"39"	[["99", 1.0], ["92", 1.0], ["87", 1.0], ["77", 1.0], ["74", 1.0], ["70", 1.0], ["69", 1.0], ["609", 1.0], ["60", 1.0], ["595", 1.0]]
"396"	[["99", 1.0], ["98", 1.0], ["96", 1.0], ["95", 1.0], ["93", 1.0], ["89", 1.0], ["86", 1.0], ["83", 1.0], ["80", 1.0], ["8", 1.0]]
"404"	[["523", 1.0000000000000002], ["202", 1.0000000000000002], ["95", 1.0], ["79", 1.0], ["76", 1.0], ["61", 1.0], ["60", 1.0], ["596", 1.0], ["586", 1.0], ["564", 1.0]]
"415"	[["99", 1.0], ["98", 1.0], ["97", 1.0], ["94", 1.0], ["71", 1.0], ["67", 1.0], ["65", 1.0], ["604", 1.0], ["60", 1.0], ["591", 1.0]]
"42"	[["97", 1.0], ["67", 1.0], ["583", 1.0], ["576", 1.0], ["575", 1.0], ["568", 1.0], ["550", 1.0], ["548", 1.0], ["545", 1.0], ["533", 1.0]]
"426"	[["543", 1.0000000000000002], ["99", 1.0], ["98", 1.0], ["95", 1.0], ["9", 1.0], ["81", 1.0], ["78", 1.0], ["70", 1.0], ["69", 1.0], ["67", 1.0]]
"437"	[["8", 1.0000000000000002], ["21", 1.0000000000000002], ["155", 1.0000000000000002], ["99", 1.0], ["98", 1.0], ["90", 1.0], ["85", 1.0], ["80", 1.0], ["79", 1.0], ["69", 1.0]]
"440"	[["98", 1.0], ["91", 1.0], ["86", 1.0], ["82", 1.0], ["77", 1.0], ["76", 1.0], ["75", 1.0], ["64", 1.0], ["62", 1.0], ["601", 1.0]]
"448"	[["92", 1.0], ["90", 1.0], ["87", 1.0], ["85", 1.0], ["595", 1.0], ["589", 1.0], ["574", 1.0], ["568", 1.0], ["547", 1.0], ["536", 1.0]]
"451"	[["448", 1.0000000000000002], ["98", 1.0], ["96", 1.0], ["94", 1.0], ["89", 1.0], ["86", 1.0], ["82", 1.0], ["8", 1.0], ["607", 1.0], ["603", 1.0]]
"459"	[["93", 1.0], ["90", 1.0], ["88", 1.0], ["84", 1.0], ["78", 1.0], ["69", 1.0], ["65", 1.0], ["64", 1.0], ["607", 1.0], ["605", 1.0]]
"462"	[["85", 1.0], ["65", 1.0], ["60", 1.0], ["583", 1.0], ["581", 1.0], ["575", 1.0], ["574", 1.0], ["571", 1.0], ["568", 1.0], ["564", 1.0]]
"473"	[["520", 1.0000000000000002], ["99", 1.0], ["84", 1.0], ["83", 1.0], ["82", 1.0], ["80", 1.0], ["8", 1.0], ["78", 1.0], ["77", 1.0], ["70", 1.0]]
"484"	[["99", 1.0], ["94", 1.0], ["92", 1.0], ["81", 1.0], ["79", 1.0], ["777", 1.0], ["75", 1.0], ["70", 1.0], ["604", 1.0], ["589", 1.0]]
"495"	[["347", 1.0000000000000002], ["342", 1.0000000000000002], ["96", 1.0], ["92", 1.0], ["8", 1.0], ["79", 1.0], ["72", 1.0], ["70", 1.0], ["595", 1.0], ["575", 1.0]]
"503"	[["196", 1.0000000000000002], ["99", 1.0], ["97", 1.0], ["96", 1.0], ["92", 1.0], ["89", 1.0], ["87", 1.0], ["75", 1.0], ["71", 1.0], ["65", 1.0]]
"514"	[["92", 1.0], ["90", 1.0], ["9", 1.0], ["80", 1.0], ["65", 1.0], ["598", 1.0], ["591", 1.0], ["578", 1.0], ["547", 1.0], ["545", 1.0]]
"525"	[["529", 1.0000000000000002], ["90", 1.0], ["87", 1.0], ["85", 1.0], ["609", 1.0], ["595", 1.0], ["571", 1.0], ["568", 1.0], ["55", 1.0], ["546", 1.0]]
"53"	[["84", 1.0], ["66", 1.0], ["6", 1.0], ["597", 1.0], ["590", 1.0], ["59", 1.0], ["580", 1.0], ["566", 1.0], ["562", 1.0], ["561", 1.0]]
"536"	[["95", 1.0], ["94", 1.0], ["93", 1.0], ["9", 1.0], ["88", 1.0], ["85", 1.0], ["80", 1.0], ["79", 1.0], ["76", 1.0], ["72", 1.0]]
"547"	[["86", 1.0], ["84", 1.0], ["76", 1.0], ["74", 1.0], ["72", 1.0], ["70", 1.0], ["68", 1.0], ["64", 1.0], ["63", 1.0], ["593", 1.0]]
"550"	[["86", 1.0], ["8", 1.0], ["76", 1.0], ["7", 1.0], ["67", 1.0], ["601", 1.0], ["60", 1.0], ["6", 1.0], ["598", 1.0], ["553", 1.0]]
"558"	[["290", 1.0000000000000002], ["99", 1.0], ["97", 1.0], ["96", 1.0], ["95", 1.0], ["94", 1.0], ["9", 1.0], ["89", 1.0], ["88", 1.0], ["86", 1.0]]
"561"	[["92", 1.0], ["87", 1.0], ["60", 1.0], ["575", 1.0], ["569", 1.0], ["558", 1.0], ["55", 1.0], ["547", 1.0], ["545", 1.0], ["535", 1.0]]
"569"	[["239", 1.0000000000000002], ["202", 1.0000000000000002], ["97", 1.0], ["96", 1.0], ["95", 1.0], ["83", 1.0], ["79", 1.0], ["76", 1.0], ["606", 1.0], ["593", 1.0]]
"572"	[["352", 1.0000000000000002], ["98", 1.0], ["9", 1.0], ["88", 1.0], ["85", 1.0], ["67", 1.0], ["61", 1.0], ["604", 1.0], ["589", 1.0], ["583", 1.0]]
"583"	[["99", 1.0], ["96", 1.0], ["95", 1.0], ["94", 1.0], ["86", 1.0], ["84", 1.0], ["82", 1.0], ["81", 1.0], ["80", 1.0], ["78", 1.0]]
"594"	[["243", 1.0000000000000002], ["77", 1.0], ["72", 1.0], ["70", 1.0], ["67", 1.0], ["595", 1.0], ["589", 1.0], ["585", 1.0], ["581", 1.0], ["578", 1.0]]
"602"	[["9", 1.0], ["85", 1.0], ["77", 1.0], ["73", 1.0], ["67", 1.0], ["65", 1.0], ["591", 1.0], ["585", 1.0], ["581", 1.0], ["576", 1.0]]
"64"	[["92", 1.0], ["87", 1.0], ["60", 1.0], ["576", 1.0], ["575", 1.0], ["574", 1.0], ["545", 1.0], ["53", 1.0], ["519", 1.0], ["518", 1.0]]
"75"	[["99", 1.0], ["93", 1.0], ["86", 1.0], ["81", 1.0], ["8", 1.0], ["74", 1.0], ["72", 1.0], ["71", 1.0], ["65", 1.0], ["609", 1.0]]
"8"	[["96", 1.0], ["90", 1.0], ["80", 1.0], ["75", 1.0], ["71", 1.0], ["70", 1.0], ["69", 1.0], ["67", 1.0], ["65", 1.0], ["598", 1.0]]
"86"	[["256", 1.0000000000000002], ["10", 1.0000000000000002], ["98", 1.0], ["90", 1.0], ["9", 1.0], ["89", 1.0], ["81", 1.0], ["8", 1.0], ["65", 1.0], ["61", 1.0]]
"97"	[["96", 1.0], ["95", 1.0], ["94", 1.0], ["86", 1.0], ["84", 1.0], ["81", 1.0], ["80", 1.0], ["8", 1.0], ["78", 1.0], ["75", 1.0]]
"106"	[["434", 1.0000000000000002], ["98", 1.0], ["97", 1.0], ["89", 1.0], ["84", 1.0], ["8", 1.0], ["78", 1.0], ["77", 1.0], ["76", 1.0], ["75", 1.0]]
"117"	[["98", 1.0], ["90", 1.0], ["89", 1.0], ["87", 1.0], ["80", 1.0], ["79", 1.0], ["74", 1.0], ["73", 1.0], ["65", 1.0], ["601", 1.0]]
"120"	[["98", 1.0], ["97", 1.0], ["93", 1.0], ["92", 1.0], ["80", 1.0], ["79", 1.0], ["78", 1.0], ["77", 1.0], ["75", 1.0], ["70", 1.0]]
"128"	[["97", 1.0], ["94", 1.0], ["93", 1.0], ["9", 1.0], ["86", 1.0], ["83", 1.0], ["80", 1.0], ["8", 1.0], ["7", 1.0], ["67", 1.0]]
"131"	[["98", 1.0], ["97", 1.0], ["90", 1.0], ["89", 1.0], ["81", 1.0], ["78", 1.0], ["69", 1.0], ["604", 1.0], ["598", 1.0], ["595", 1.0]]
"139"	[["377", 1.0000000000000002], ["96", 1.0], ["93", 1.0], ["90", 1.0], ["84", 1.0], ["79", 1.0], ["74", 1.0], ["72", 1.0], ["69", 1.0], ["61", 1.0]]
"142"	[["97", 1.0], ["86", 1.0], ["75", 1.0], ["62", 1.0], ["609", 1.0], ["603", 1.0], ["60", 1.0], ["598", 1.0], ["595", 1.0], ["593", 1.0]]
"153"	[["99", 1.0], ["98", 1.0], ["90", 1.0], ["9", 1.0], ["88", 1.0], ["81", 1.0], ["79", 1.0], ["71", 1.0], ["67", 1.0], ["609", 1.0]]
"16"	[["99", 1.0], ["97", 1.0], ["90", 1.0], ["87", 1.0], ["85", 1.0], ["602", 1.0], ["595", 1.0], ["592", 1.0], ["591", 1.0], ["589", 1.0]]
"164"	[["93", 1.0], ["9", 1.0], ["89", 1.0], ["87", 1.0], ["83", 1.0], ["79", 1.0], ["78", 1.0], ["77", 1.0], ["76", 1.0], ["72", 1.0]]
"175"	[["9", 1.0], ["74", 1.0], ["68", 1.0], ["66", 1.0], ["608", 1.0], ["605", 1.0], ["6", 1.0], ["594", 1.0], ["590", 1.0], ["587", 1.0]]
"186"	[["142", 1.0000000000000002], ["99", 1.0], ["97", 1.0], ["90", 1.0], ["85", 1.0], ["74", 1.0], ["591", 1.0], ["576", 1.0], ["575", 1.0], ["571", 1.0]]
"197"	[["309", 1.0000000000000002], ["94", 1.0], ["89", 1.0], ["88", 1.0], ["81", 1.0], ["77", 1.0], ["67", 1.0], ["65", 1.0], ["601", 1.0], ["60", 1.0]]
"205"	[["98", 1.0], ["95", 1.0], ["89", 1.0], ["86", 1.0], ["75", 1.0], ["598", 1.0], ["59", 1.0], ["570", 1.0], ["57", 1.0], ["564", 1.0]]
"216"	[["93", 1.0], ["92", 1.0], ["9", 1.0], ["83", 1.0], ["77", 1.0], ["75", 1.0], ["73", 1.0], ["71", 1.0], ["69", 1.0], ["60", 1.0]]
"227"	[["95", 1.0], ["90", 1.0], ["69", 1.0], ["61", 1.0], ["609", 1.0], ["598", 1.0], ["589", 1.0], ["572", 1.0], ["566", 1.0], ["563", 1.0]]
"230"	[["457", 1.0000000000000002], ["343", 1.0000000000000002], ["88", 1.0], ["74", 1.0], ["585", 1.0], ["583", 1.0], ["576", 1.0], ["575", 1.0], ["571", 1.0], ["563", 1.0]]
"238"	[["570", 1.0000000000000002], ["249", 1.0000000000000002], ["190", 1.0000000000000002], ["95", 1.0], ["86", 1.0], ["82", 1.0], ["80", 1.0], ["69", 1.0], ["63", 1.0], ["607", 1.0]]
"241"	[["97", 1.0], ["94", 1.0], ["93", 1.0], ["89", 1.0], ["88", 1.0], ["87", 1.0], ["84", 1.0], ["81", 1.0], ["8", 1.0], ["79", 1.0]]
"249"	[["87", 1.0], ["85", 1.0], ["609", 1.0], ["576", 1.0], ["574", 1.0], ["568", 1.0], ["531", 1.0], ["508", 1.0], ["499", 1.0], ["485", 1.0]]
"252"	[["54", 1.0000000000000002], ["98", 1.0], ["96", 1.0], ["93", 1.0], ["91", 1.0], ["90", 1.0], ["89", 1.0], ["82", 1.0], ["78", 1.0], ["76", 1.0]]
"263"	[["455", 1.0000000000000002], ["208", 1.0000000000000002], ["99", 1.0], ["98", 1.0], ["92", 1.0], ["85", 1.0], ["67", 1.0], ["61", 1.0], ["60", 1.0], ["583", 1.0]]
"27"	[["451", 1.0000000000000002], ["447", 1.0000000000000002], ["32", 1.0000000000000002], ["165", 1.0000000000000002], ["97", 1.0], ["92", 1.0], ["87", 1.0], ["85", 1.0], ["8", 1.0], ["77", 1.0]]
"274"	[["147", 1.0000000000000002], ["461", 1.0], ["388", 1.0], ["320", 1.0], ["285", 1.0], ["258", 1.0], ["257", 1.0], ["194", 1.0], ["128", 1.0], ["189", 0.9999999999999999]]
"285"	[["98", 1.0], ["95", 1.0], ["88", 1.0], ["76", 1.0], ["72", 1.0], ["61", 1.0], ["607", 1.0], ["605", 1.0], ["596", 1.0], ["589", 1.0]]
"296"	[["99", 1.0], ["97", 1.0], ["95", 1.0], ["94", 1.0], ["86", 1.0], ["84", 1.0], ["83", 1.0], ["82", 1.0], ["81", 1.0], ["77", 1.0]]
"30"	[["90", 1.0], ["89", 1.0], ["71", 1.0], ["70", 1.0], ["69", 1.0], ["65", 1.0], ["61", 1.0], ["607", 1.0], ["605", 1.0], ["60", 1.0]]
"304"	[["9", 1.0], ["65", 1.0], ["601", 1.0], ["598", 1.0], ["595", 1.0], ["585", 1.0], ["581", 1.0], ["574", 1.0], ["548", 1.0], ["539", 1.0]]
"315"	[["577", 1.0000000000000002], ["19", 1.0000000000000002], ["95", 1.0], ["89", 1.0], ["85", 1.0], ["83", 1.0], ["75", 1.0], ["73", 1.0], ["70", 1.0], ["69", 1.0]]
"326"	[["99", 1.0], ["97", 1.0], ["94", 1.0], ["9", 1.0], ["81", 1.0], ["595", 1.0], ["588", 1.0], ["584", 1.0], ["574", 1.0], ["566", 1.0]]
"337"	[["99", 1.0], ["98", 1.0], ["97", 1.0], ["94", 1.0], ["92", 1.0], ["76", 1.0], ["75", 1.0], ["70", 1.0], ["69", 1.0], ["62", 1.0]]
"340"	[["93", 1.0000000000000002], ["90", 1.0], ["86", 1.0], ["83", 1.0], ["8", 1.0], ["76", 1.0], ["73", 1.0], ["71", 1.0], ["70", 1.0], ["62", 1.0]]
"348"	[["96", 1.0], ["93", 1.0], ["88", 1.0], ["85", 1.0], ["8", 1.0], ["79", 1.0], ["77", 1.0], ["73", 1.0], ["71", 1.0], ["70", 1.0]]
"351"	[["94", 1.0], ["87", 1.0], ["8", 1.0], ["70", 1.0], ["6", 1.0], ["595", 1.0], ["592", 1.0], ["59", 1.0], ["589", 1.0], ["58", 1.0]]
"359"	[["90", 1.0], ["9", 1.0], ["86", 1.0], ["81", 1.0], ["80", 1.0], ["8", 1.0], ["77", 1.0], ["75", 1.0], ["61", 1.0], ["609", 1.0]]
"362"	[["99", 1.0], ["97", 1.0], ["9", 1.0], ["78", 1.0], ["71", 1.0], ["70", 1.0], ["609", 1.0], ["604", 1.0], ["594", 1.0], ["592", 1.0]]
"373"	[["520", 1.0000000000000002], ["98", 1.0], ["90", 1.0], ["89", 1.0], ["88", 1.0], ["80", 1.0], ["79", 1.0], ["75", 1.0], ["73", 1.0], ["69", 1.0]]
"38"	[["75", 1.0], ["70", 1.0], ["69", 1.0], ["67", 1.0], ["65", 1.0], ["598", 1.0], ["595", 1.0], ["583", 1.0], ["569", 1.0], ["568", 1.0]]
"384"	[["374", 1.0000000000000002], ["98", 1.0], ["96", 1.0], ["93", 1.0], ["9", 1.0], ["75", 1.0], ["71", 1.0], ["7", 1.0], ["65", 1.0], ["605", 1.0]]
"395"	[["434", 1.0000000000000002], ["361", 1.0000000000000002], ["97", 1.0], ["96", 1.0], ["95", 1.0], ["79", 1.0], ["610", 1.0], ["61", 1.0], ["607", 1.0], ["606", 1.0]]
"403"	[["93", 1.0], ["83", 1.0], ["82", 1.0], ["81", 1.0], ["76", 1.0], ["74", 1.0], ["62", 1.0], ["61", 1.0], ["606", 1.0], ["604", 1.0]]
"41"	[["97", 1.0], ["93", 1.0], ["90", 1.0], ["71", 1.0], ["609", 1.0], ["60", 1.0], ["595", 1.0], ["589", 1.0], ["588", 1.0], ["584", 1.0]]
"414"	[["85", 1.0], ["598", 1.0], ["578", 1.0], ["574", 1.0], ["550", 1.0], ["333", 1.0], ["207", 1.0], ["329", 0.9999999999999998], ["214", 0.9984603532054125], ["397", 0.9982743731749958]]
"425"	[["311", 1.0000000000000002], ["85", 1.0], ["65", 1.0], ["60", 1.0], ["595", 1.0], ["583", 1.0], ["582", 1.0], ["575", 1.0], ["564", 1.0], ["55", 1.0]]
"436"	[["435", 1.0000000000000002], ["98", 1.0], ["9", 1.0], ["88", 1.0], ["87", 1.0], ["79", 1.0], ["75", 1.0], ["73", 1.0], ["71", 1.0], ["67", 1.0]]
"447"	[["98", 1.0], ["97", 1.0], ["88", 1.0], ["87", 1.0], ["79", 1.0], ["75", 1.0], ["74", 1.0], ["69", 1.0], ["65", 1.0], ["572", 1.0]]
"450"	[["484", 1.0000000000000002], ["98", 1.0], ["97", 1.0], ["96", 1.0], ["93", 1.0], ["9", 1.0], ["89", 1.0], ["88", 1.0], ["86", 1.0], ["77", 1.0]]
"458"	[["75", 1.0], ["71", 1.0], ["69", 1.0], ["62", 1.0], ["574", 1.0], ["567", 1.0], ["564", 1.0], ["558", 1.0], ["550", 1.0], ["549", 1.0]]
"461"	[["98", 1.0], ["95", 1.0], ["93", 1.0], ["90", 1.0], ["86", 1.0], ["80", 1.0], ["78", 1.0], ["70", 1.0], ["69", 1.0], ["63", 1.0]]
"469"	[["92", 1.0], ["85", 1.0], ["65", 1.0], ["583", 1.0], ["581", 1.0], ["575", 1.0], ["550", 1.0], ["538", 1.0], ["537", 1.0], ["530", 1.0]]
"472"	[["365", 1.0000000000000002], ["97", 1.0], ["96", 1.0], ["95", 1.0], ["78", 1.0], ["77", 1.0], ["75", 1.0], ["74", 1.0], ["72", 1.0], ["7", 1.0]]
"483"	[["208", 1.0000000000000002], ["118", 1.0000000000000002], ["595", 1.0], ["576", 1.0], ["575", 1.0], ["568", 1.0], ["547", 1.0], ["545", 1.0], ["518", 1.0], ["499", 1.0]]
"49"	[["195", 1.0000000000000002], ["156", 1.0000000000000002], ["98", 1.0], ["97", 1.0], ["91", 1.0], ["86", 1.0], ["84", 1.0], ["83", 1.0], ["80", 1.0], ["78", 1.0]]
"494"	[["98", 1.0], ["97", 1.0], ["90", 1.0], ["80", 1.0], ["70", 1.0], ["609", 1.0], ["604", 1.0], ["601", 1.0], ["592", 1.0], ["591", 1.0]]
"502"	[["96", 1.0], ["9", 1.0], ["88", 1.0], ["83", 1.0], ["75", 1.0], ["74", 1.0], ["70", 1.0], ["65", 1.0], ["62"", 1.0], ["610", 1.0]]
"513"	[["99", 1.0], ["97", 1.0], ["88", 1.0], ["82", 1.0], ["8", 1.0], ["67", 1.0], ["61", 1.0], ["609", 1.0], ["601", 1.0], ["592", 1.0]]
"52"	[["94", 1.0], ["90", 1.0], ["9", 1.0], ["81", 1.0], ["74", 1.0], ["7", 1.0], ["69", 1.0], ["607", 1.0], ["597", 1.0], ["592", 1.0]]
"524"	[["493", 1.0000000000000002], ["120", 1.0000000000000002], ["90", 1.0], ["88", 1.0], ["80", 1.0], ["67", 1.0], ["583", 1.0], ["576", 1.0], ["574", 1.0], ["567", 1.0]]
"535"	[["230", 1.0000000000000002], ["96", 1.0], ["95", 1.0], ["83", 1.0], ["79", 1.0], ["78", 1.0], ["77", 1.0], ["75", 1.0], ["70", 1.0], ["63", 1.0]]
"546"	[["554", 1.0000000000000002], ["96", 1.0], ["94", 1.0], ["90", 1.0], ["89", 1.0], ["83", 1.0], ["81", 1.0], ["72", 1.0], ["71", 1.0], ["70", 1.0]]
"557"	[["98", 1.0], ["90", 1.0], ["9", 1.0], ["88", 1.0], ["85", 1.0], ["71", 1.0], ["609", 1.0], ["60", 1.0], ["598", 1.0], ["591", 1.0]]
"560"	[["539", 1.0000000000000002], ["283", 1.0000000000000002], ["578", 1.0], ["575", 1.0], ["574", 1.0], ["568", 1.0], ["55", 1.0], ["545", 1.0], ["530", 1.0], ["518", 1.0]]
"568"	[["99", 1.0], ["96", 1.0], ["94", 1.0], ["91", 1.0], ["81", 1.0], ["78", 1.0], ["76", 1.0], ["72", 1.0], ["7", 1.0], ["69", 1.0]]
"571"	[["450", 1.0000000000000002], ["354", 1.0000000000000002], ["92", 1.0], ["9", 1.0], ["87", 1.0], ["78", 1.0], ["75", 1.0], ["72", 1.0], ["69", 1.0], ["67", 1.0]]
"579"	[["98", 1.0], ["97", 1.0], ["95", 1.0], ["8", 1.0], ["77", 1.0], ["75", 1.0], ["72", 1.0], ["71", 1.0], ["67", 1.0], ["609", 1.0]]
"582"	[["97", 1.0], ["96", 1.0], ["95", 1.0], ["9", 1.0], ["88", 1.0], ["8", 1.0], ["79", 1.0], ["72", 1.0], ["69", 1.0], ["67", 1.0]]
"593"	[["9", 1.0], ["61", 1.0], ["60", 1.0], ["591", 1.0], ["582", 1.0], ["581", 1.0], ["577", 1.0], ["546", 1.0], ["545", 1.0], ["544", 1.0]]
"601"	[["94", 1.0], ["90", 1.0], ["9", 1.0], ["85", 1.0], ["81", 1.0], ["74", 1.0], ["71", 1.0], ["602", 1.0], ["598", 1.0], ["595", 1.0]]
"609"	[["98", 1.0], ["90", 1.0], ["89", 1.0], ["88", 1.0], ["79", 1.0], ["75", 1.0], ["74", 1.0], ["70", 1.0], ["67", 1.0], ["65", 1.0]]
"63"	[["90", 1.0], ["8", 1.0], ["609", 1.0], ["576", 1.0], ["575", 1.0], ["571", 1.0], ["566", 1.0], ["547", 1.0], ["536", 1.0], ["531", 1.0]]
"7"	[["214", 1.0000000000000002], ["99", 1.0], ["97", 1.0], ["9", 1.0], ["87", 1.0], ["77", 1.0], ["65", 1.0], ["602", 1.0], ["60", 1.0], ["598", 1.0]]
"74"	[["99", 1.0], ["94", 1.0], ["9", 1.0], ["89", 1.0], ["8", 1.0], ["78", 1.0], ["75", 1.0], ["69", 1.0], ["60", 1.0], ["598", 1.0]]
"85"	[["98", 1.0], ["96", 1.0], ["93", 1.0], ["91", 1.0], ["88", 1.0], ["75", 1.0], ["72", 1.0], ["70", 1.0], ["610", 1.0], ["606", 1.0]]
"96"	[["211", 1.0000000000000002], ["99", 1.0], ["98", 1.0], ["90", 1.0], ["9", 1.0], ["83", 1.0], ["80", 1.0], ["73", 1.0], ["609", 1.0], ["605", 1.0]]
"105"	[["99", 1.0], ["79", 1.0], ["78", 1.0], ["71", 1.0], ["609", 1.0], ["604", 1.0], ["595", 1.0], ["591", 1.0], ["579", 1.0], ["571", 1.0]]
"116"	[["9", 1.0], ["74", 1.0], ["67", 1.0], ["604", 1.0], ["585", 1.0], ["582", 1.0], ["568", 1.0], ["567", 1.0], ["564", 1.0], ["556", 1.0]]
"127"	[["96", 1.0], ["84", 1.0], ["80", 1.0], ["76", 1.0], ["75", 1.0], ["74", 1.0], ["73", 1.0], ["69", 1.0], ["598", 1.0], ["59", 1.0]]
"130"	[["88", 1.0], ["86", 1.0], ["75", 1.0], ["74", 1.0], ["73", 1.0], ["7", 1.0], ["69", 1.0], ["67", 1.0], ["65", 1.0], ["605", 1.0]]
"138"	[["90", 1.0], ["89", 1.0], ["83", 1.0], ["64", 1.0], ["605", 1.0], ["603", 1.0], ["60", 1.0], ["596", 1.0], ["580", 1.0], ["555", 1.0]]
"141"	[["94", 1.0000000000000002], ["54", 1.0000000000000002], ["99", 1.0], ["97", 1.0], ["9", 1.0], ["74", 1.0], ["65", 1.0], ["609", 1.0], ["589", 1.0], ["585", 1.0]]
"149"	[["94", 1.0], ["90", 1.0], ["9", 1.0], ["89", 1.0], ["87", 1.0], ["86", 1.0], ["85", 1.0], ["77", 1.0], ["74", 1.0], ["73", 1.0]]
"15"	[["455", 1.0000000000000002], ["99", 1.0], ["94", 1.0], ["92", 1.0], ["89", 1.0], ["87", 1.0], ["81", 1.0], ["8", 1.0], ["74", 1.0], ["598", 1.0]]
"152"	[["90", 1.0], ["9", 1.0], ["88", 1.0], ["8", 1.0], ["79", 1.0], ["71", 1.0], ["67", 1.0], ["602", 1.0], ["6", 1.0], ["592", 1.0]]
"163"	[["381", 1.0000000000000002], ["96", 1.0], ["88", 1.0], ["63", 1.0], ["62", 1.0], ["610", 1.0], ["607", 1.0], ["601", 1.0], ["600", 1.0], ["59", 1.0]]
"174"	[["343", 1.0000000000000002], ["337", 1.0000000000000002], ["204", 1.0000000000000002], ["86", 1.0], ["83", 1.0], ["79", 1.0], ["74", 1.0], ["71", 1.0], ["70", 1.0], ["61", 1.0]]
"185"	[["457", 1.0000000000000002], ["115", 1.0000000000000002], ["96", 1.0], ["94", 1.0], ["93", 1.0], ["88", 1.0], ["86", 1.0], ["84", 1.0], ["82", 1.0], ["75", 1.0]]
"196"	[["98", 1.0], ["94", 1.0], ["89", 1.0], ["81", 1.0], ["79", 1.0], ["77", 1.0], ["76", 1.0], ["73", 1.0], ["72", 1.0], ["61", 1.0]]
"204"	[["70", 1.0000000000000002], ["436", 1.0000000000000002], ["99", 1.0], ["98", 1.0], ["96", 1.0], ["86", 1.0], ["84", 1.0], ["8", 1.0], ["78", 1.0], ["69", 1.0]]
"215"	[["98", 1.0], ["93", 1.0], ["9", 1.0], ["89", 1.0], ["77", 1.0], ["73", 1.0], ["609", 1.0], ["607", 1.0], ["602", 1.0], ["595", 1.0]]
"226"	[["92", 1.0], ["90", 1.0], ["85", 1.0], ["609", 1.0], ["595", 1.0], ["589", 1.0], ["566", 1.0], ["55", 1.0], ["549", 1.0], ["545", 1.0]]
"237"	[["553", 1.0000000000000002], ["96", 1.0], ["95", 1.0], ["93", 1.0], ["8", 1.0], ["79", 1.0], ["70", 1.0], ["605", 1.0], ["604", 1.0], ["602", 1.0]]
"240"	[["97", 1.0], ["95", 1.0], ["88", 1.0], ["79", 1.0], ["75", 1.0], ["73", 1.0], ["69", 1.0], ["67", 1.0], ["65", 1.0], ["589", 1.0]]
"248"	[["607", 1.0000000000000002], ["313", 1.0000000000000002], ["222", 1.0000000000000002], ["97", 1.0], ["93", 1.0], ["90", 1.0], ["89", 1.0], ["78", 1.0], ["72", 1.0], ["71", 1.0]]
"251"	[["99", 1.0], ["97", 1.0], ["96", 1.0], ["94", 1.0], ["93", 1.0], ["90", 1.0], ["88", 1.0], ["86", 1.0], ["81", 1.0], ["79", 1.0]]
"259"	[["98", 1.0], ["94", 1.0], ["93", 1.0], ["88", 1.0], ["84", 1.0], ["80", 1.0], ["76", 1.0], ["69", 1.0], ["601", 1.0], ["6", 1.0]]
"26"	[["96", 1.0], ["86", 1.0], ["79", 1.0], ["76", 1.0], ["75", 1.0], ["72", 1.0], ["71", 1.0], ["63", 1.0], ["62", 1.0], ["610", 1.0]]
"262"	[["521", 1.0000000000000002], ["343", 1.0000000000000002], ["88", 1.0], ["86", 1.0], ["85", 1.0], ["79", 1.0], ["78", 1.0], ["77", 1.0], ["7", 1.0], ["69", 1.0]]
"273"	[["98", 1.0], ["9", 1.0], ["89", 1.0], ["86", 1.0], ["79", 1.0], ["61", 1.0], ["601", 1.0], ["598", 1.0], ["591", 1.0], ["589", 1.0]]
"284"	[["402", 1.0000000000000002], ["97", 1.0], ["92", 1.0], ["90", 1.0], ["9", 1.0], ["87", 1.0], ["86", 1.0], ["83", 1.0], ["80", 1.0], ["74", 1.0]]
"295"	[["99", 1.0], ["94", 1.0], ["9", 1.0], ["88", 1.0], ["83", 1.0], ["82", 1.0], ["81", 1.0], ["80", 1.0], ["8", 1.0], ["77", 1.0]]
"303"	[["99", 1.0], ["85", 1.0], ["83", 1.0], ["81", 1.0], ["69", 1.0], ["67", 1.0], ["65", 1.0], ["601", 1.0], ["6", 1.0], ["591", 1.0]]
"314"	[["355", 1.0000000000000002], ["92", 1.0], ["80", 1.0], ["79", 1.0], ["74", 1.0], ["70", 1.0], ["598", 1.0], ["583", 1.0], ["576", 1.0], ["567", 1.0]]
"325"	[["90", 1.0], ["81", 1.0], ["74", 1.0], ["73", 1.0], ["65", 1.0], ["60", 1.0], ["589", 1.0], ["582", 1.0], ["579", 1.0], ["575", 1.0]]
"336"	[["99", 1.0], ["98", 1.0], ["97", 1.0], ["90", 1.0], ["89", 1.0], ["88", 1.0], ["8", 1.0], ["77", 1.0], ["75", 1.0], ["74", 1.0]]
"347"	[["217", 1.0000000000000002], ["97", 1.0], ["95", 1.0], ["90", 1.0], ["89", 1.0], ["86", 1.0], ["63", 1.0], ["61", 1.0], ["609", 1.0], ["595", 1.0]]
"350"	[["98", 1.0], ["97", 1.0], ["96", 1.0], ["94", 1.0], ["89", 1.0], ["82", 1.0], ["78", 1.0], ["75", 1.0], ["74", 1.0], ["72", 1.0]]
"358"	[["98", 1.0], ["86", 1.0], ["84", 1.0], ["83", 1.0], ["80", 1.0], ["76", 1.0], ["66", 1.0], ["65", 1.0], ["64", 1.0], ["63", 1.0]]
"361"	[["27", 1.0000000000000002], ["133", 1.0000000000000002], ["90", 1.0], ["9", 1.0], ["87", 1.0], ["8", 1.0], ["74", 1.0], ["67", 1.0], ["65", 1.0], ["609", 1.0]]
"369"	[["486", 1.0000000000000002], ["265", 1.0000000000000002], ["90", 1.0], ["9", 1.0], ["8", 1.0], ["67", 1.0], ["61", 1.0], ["609", 1.0], ["604", 1.0], ["591", 1.0]]
"37"	[["609", 1.0000000000000002], ["607", 1.0000000000000002], ["604", 1.0000000000000002], ["99", 1.0], ["94", 1.0], ["88", 1.0], ["83", 1.0], ["81", 1.0], ["79", 1.0], ["76", 1.0]]
"372"	[["170", 1.0000000000000002], ["134", 1.0000000000000002], ["9", 1.0], ["80", 1.0], ["73", 1.0], ["69", 1.0], ["598", 1.0], ["576", 1.0], ["574", 1.0], ["571", 1.0]]
"383"	[["522", 1.0000000000000002], ["96", 1.0], ["95", 1.0], ["94", 1.0], ["92", 1.0], ["89", 1.0], ["83", 1.0], ["81", 1.0], ["78", 1.0], ["76", 1.0]]
"394"	[["95", 1.0], ["79", 1.0], ["75", 1.0], ["73", 1.0], ["70", 1.0], ["605", 1.0], ["595", 1.0], ["59", 1.0], ["587", 1.0], ["580", 1.0]]
"40"	[["98", 1.0], ["90", 1.0], ["89", 1.0], ["88", 1.0], ["85", 1.0], ["79", 1.0], ["75", 1.0], ["70", 1.0], ["69", 1.0], ["67", 1.0]]
"402"	[["551", 1.0000000000000002], ["90", 1.0], ["83", 1.0], ["75", 1.0], ["69", 1.0], ["60", 1.0], ["593", 1.0], ["586", 1.0], ["580", 1.0], ["574", 1.0]]
"413"	[["93", 1.0], ["92", 1.0], ["9", 1.0], ["79", 1.0], ["78", 1.0], ["75", 1.0], ["74", 1.0], ["72", 1.0], ["71", 1.0], ["7", 1.0]]
"424"	[["9", 1.0], ["8", 1.0], ["71", 1.0], ["67", 1.0], ["65", 1.0], ["605", 1.0], ["595", 1.0], ["591", 1.0], ["589", 1.0], ["587", 1.0]]
"435"	[["96", 1.0], ["95", 1.0], ["93", 1.0], ["86", 1.0], ["77", 1.0], ["607", 1.0], ["605", 1.0], ["602", 1.0], ["60", 1.0], ["595", 1.0]]
"446"	[["564", 1.0000000000000002], ["98", 1.0], ["97", 1.0], ["88", 1.0], ["85", 1.0], ["74", 1.0], ["73", 1.0], ["67", 1.0], ["595", 1.0], ["585", 1.0]]
"457"	[["575", 1.0000000000000002], ["96", 1.0], ["94", 1.0], ["90", 1.0], ["9", 1.0], ["87", 1.0], ["81", 1.0], ["8", 1.0], ["77", 1.0], ["75", 1.0]]
"460"	[["382", 1.0000000000000002], ["98", 1.0], ["97", 1.0], ["96", 1.0], ["93", 1.0], ["89", 1.0], ["87", 1.0], ["84", 1.0], ["8", 1.0], ["79", 1.0]]
"468"	[["343", 1.0000000000000002], ["96", 1.0], ["88", 1.0], ["75", 1.0], ["74", 1.0], ["71", 1.0], ["70", 1.0], ["69", 1.0], ["67", 1.0], ["65", 1.0]]
"471"	[["96", 1.0], ["8", 1.0], ["79", 1.0], ["78", 1.0], ["74", 1.0], ["72", 1.0], ["69", 1.0], ["609", 1.0], ["603", 1.0], ["602", 1.0]]
"479"	[["231", 1.0000000000000002], ["9", 1.0], ["83", 1.0], ["80", 1.0], ["78", 1.0], ["74", 1.0], ["71", 1.0], ["67", 1.0], ["61", 1.0], ["609", 1.0]]
"48"	[["72", 1.0000000000000002], ["399", 1.0000000000000002], ["93", 1.0], ["90", 1.0], ["83", 1.0], ["80", 1.0], ["79", 1.0], ["77", 1.0], ["76", 1.0], ["75", 1.0]]
"482"	[["493", 1.0000000000000002], ["87", 1.0], ["86", 1.0], ["8", 1.0], ["79", 1.0], ["77", 1.0], ["69", 1.0], ["65", 1.0], ["61", 1.0], ["601", 1.0]]
"493"	[["514", 1.0000000000000002], ["99", 1.0], ["98", 1.0], ["90", 1.0], ["80", 1.0], ["77", 1.0], ["74", 1.0], ["73", 1.0], ["62", 1.0], ["609", 1.0]]
"501"	[["610", 1.0000000000000002], ["476", 1.0000000000000002], ["99", 1.0], ["93", 1.0], ["89", 1.0], ["82", 1.0], ["80", 1.0], ["72", 1.0], ["66", 1.0], ["61", 1.0]]
"509"	[["8", 1.0], ["67", 1.0], ["60", 1.0], ["598", 1.0], ["59", 1.0],  ["575", 1.0], ["574", 1.0], ["571", 1.0], ["568", 1.0], ["546", 1.0]]
"51"	[["350", 1.0000000000000002], ["121", 1.0000000000000002], ["96", 1.0], ["94", 1.0], ["92", 1.0], ["90", 1.0], ["86", 1.0], ["81", 1.0], ["78", 1.0], ["61", 1.0]]
"512"	[["90", 1.0], ["86", 1.0], ["80", 1.0], ["79", 1.0], ["75", 1.0], ["74", 1.0], ["73", 1.0], ["70", 1.0], ["61", 1.0], ["60", 1.0]]
"523"	[["367", 1.0000000000000002], ["97", 1.0], ["96", 1.0], ["93", 1.0], ["9", 1.0], ["87", 1.0], ["86", 1.0], ["85", 1.0], ["84", 1.0], ["81", 1.0]]
"534"	[["384", 1.0000000000000002], ["90", 1.0], ["74", 1.0], ["60", 1.0], ["575", 1.0], ["568", 1.0], ["546", 1.0], ["545", 1.0], ["538", 1.0], ["532", 1.0]]
"545"	[["94", 1.0], ["91", 1.0], ["80", 1.0], ["79", 1.0], ["7", 1.0], ["66", 1.0], ["64", 1.0], ["606", 1.0], ["605", 1.0], ["590", 1.0]]
"556"	[["98", 1.0], ["97", 1.0], ["95", 1.0], ["91", 1.0], ["9", 1.0], ["86", 1.0], ["82", 1.0], ["80", 1.0], ["77", 1.0], ["76", 1.0]]
"567"	[["93", 1.0], ["90", 1.0], ["88", 1.0], ["87", 1.0], ["8", 1.0], ["74", 1.0], ["72", 1.0], ["70", 1.0], ["67", 1.0], ["60", 1.0]]
"570"	[["270", 1.0000000000000002], ["9", 1.0], ["85", 1.0], ["60", 1.0], ["598", 1.0], ["595", 1.0], ["575", 1.0], ["556", 1.0], ["55", 1.0], ["547", 1.0]]
"578"	[["84", 1.0], ["73", 1.0], ["610", 1.0], ["605", 1.0], ["6", 1.0], ["596", 1.0], ["580", 1.0], ["563", 1.0], ["561", 1.0], ["560", 1.0]]
"581"	[["306", 1.0000000000000002], ["98", 1.0], ["97", 1.0], ["96", 1.0], ["95", 1.0], ["93", 1.0], ["9", 1.0], ["84", 1.0], ["79", 1.0], ["72", 1.0]]
"589"	[["530", 1.0000000000000002], ["99", 1.0], ["95", 1.0], ["83", 1.0], ["76", 1.0], ["73", 1.0], ["71", 1.0], ["7", 1.0], ["69", 1.0], ["63", 1.0]]
"59"	[["99", 1.0], ["97", 1.0], ["94", 1.0], ["80", 1.0], ["73", 1.0], ["70", 1.0], ["69", 1.0], ["604", 1.0], ["595", 1.0], ["592", 1.0]]
"592"	[["478", 1.0000000000000002], ["350", 1.0000000000000002], ["277", 1.0000000000000002], ["257", 1.0000000000000002], ["97", 1.0], ["90", 1.0], ["89", 1.0], ["69", 1.0], ["61", 1.0], ["583", 1.0]]
"6"	[["367", 1.0000000000000002], ["97", 1.0], ["89", 1.0], ["87", 1.0], ["86", 1.0], ["85", 1.0], ["80", 1.0], ["74", 1.0], ["70", 1.0], ["69", 1.0]]
"600"	[["598", 1.0], ["575", 1.0], ["556", 1.0], ["545", 1.0], ["53", 1.0], ["49", 1.0], ["467", 1.0], ["442", 1.0], ["435", 1.0], ["407", 1.0]]
"608"	[["2", 1.0000000000000002], ["87", 1.0], ["85", 1.0], ["65", 1.0], ["53", 1.0], ["397", 1.0], ["358", 1.0], ["315", 1.0], ["245", 1.0], ["478", 0.999947942424286]]
"62"	[["604", 1.0000000000000002], ["93", 1.0], ["81", 1.0], ["8", 1.0], ["74", 1.0], ["72", 1.0], ["69", 1.0], ["609", 1.0], ["6", 1.0], ["591", 1.0]]
"73"	[["75", 1.0], ["72", 1.0], ["61", 1.0], ["6", 1.0], ["594", 1.0], ["587", 1.0], ["577", 1.0], ["558", 1.0], ["557", 1.0], ["555", 1.0]]
"84"	[["213", 1.0000000000000002], ["92", 1.0], ["9", 1.0], ["77", 1.0], ["69", 1.0], ["67", 1.0], ["598", 1.0], ["581", 1.0], ["575", 1.0], ["574", 1.0]]
"95"	[["98", 1.0], ["90", 1.0], ["87", 1.0], ["71", 1.0], ["67", 1.0], ["604", 1.0], ["601", 1.0], ["60", 1.0], ["598", 1.0], ["595", 1.0]]
"104"	[["92", 1.0], ["90", 1.0], ["9", 1.0], ["87", 1.0], ["85", 1.0], ["65", 1.0], ["61", 1.0], ["609", 1.0], ["60", 1.0], ["578", 1.0]]
"115"	[["37", 1.0000000000000002], ["90", 1.0], ["9", 1.0], ["80", 1.0], ["70", 1.0], ["67", 1.0], ["598", 1.0], ["595", 1.0], ["575", 1.0], ["569", 1.0]]
"126"	[["97", 1.0], ["95", 1.0], ["88", 1.0], ["86", 1.0], ["79", 1.0], ["73", 1.0], ["69", 1.0], ["67", 1.0], ["65", 1.0], ["60", 1.0]]
"137"	[["99", 1.0], ["9", 1.0], ["85", 1.0], ["65", 1.0], ["61", 1.0], ["609", 1.0], ["595", 1.0], ["591", 1.0], ["584", 1.0], ["582", 1.0]]
"14"	[["5", 1.0000000000000002], ["343", 1.0000000000000002], ["176", 1.0000000000000002], ["90", 1.0], ["88", 1.0], ["80", 1.0], ["79", 1.0], ["75", 1.0], ["70", 1.0], ["67", 1.0]]
"140"	[["450", 1.0000000000000002], ["371", 1.0000000000000002], ["90", 1.0], ["85", 1.0], ["65", 1.0], ["60", 1.0], ["575", 1.0], ["550", 1.0], ["535", 1.0], ["53", 1.0]]
"148"	[["580", 1.0000000000000002], ["98", 1.0], ["97", 1.0], ["9", 1.0], ["88", 1.0], ["86", 1.0], ["80", 1.0], ["8", 1.0], ["77", 1.0], ["75", 1.0]]
"151"	[["98", 1.0], ["96", 1.0], ["90", 1.0], ["89", 1.0], ["82", 1.0], ["66", 1.0], ["64", 1.0], ["604", 1.0], ["603", 1.0], ["597", 1.0]]
"159"	[["436", 1.0000000000000002], ["356", 1.0000000000000002], ["96", 1.0], ["94", 1.0], ["93", 1.0], ["77", 1.0], ["71", 1.0], ["67", 1.0], ["61", 1.0], ["609", 1.0]]
"162"	[["95", 1.0], ["93", 1.0], ["90", 1.0], ["9", 1.0], ["81", 1.0], ["78", 1.0], ["75", 1.0], ["72", 1.0], ["7", 1.0], ["69", 1.0]]
"173"	[["507", 1.0000000000000002], ["455", 1.0000000000000002], ["155", 1.0000000000000002], ["97", 1.0], ["95", 1.0], ["93", 1.0], ["79", 1.0], ["74", 1.0], ["60", 1.0], ["596", 1.0]]
"184"	[["95", 1.0], ["89", 1.0], ["86", 1.0], ["76", 1.0], ["74", 1.0], ["70", 1.0], ["67", 1.0], ["607", 1.0], ["603", 1.0], ["601", 1.0]]
"195"	[["163", 1.0000000000000002], ["99", 1.0], ["90", 1.0], ["85", 1.0], ["8", 1.0], ["609", 1.0], ["598", 1.0], ["583", 1.0], ["575", 1.0], ["574", 1.0]]
"203"	[["93", 1.0000000000000002], ["99", 1.0], ["97", 1.0], ["89", 1.0], ["80", 1.0], ["8", 1.0], ["73", 1.0], ["61", 1.0], ["607", 1.0], ["602", 1.0]]
"214"	[["428", 1.0000000000000002], ["232", 1.0000000000000002], ["96", 1.0], ["95", 1.0], ["94", 1.0], ["89", 1.0], ["86", 1.0], ["82", 1.0], ["8", 1.0], ["72", 1.0]]
"225"	[["240", 1.0000000000000002], ["99", 1.0], ["96", 1.0], ["94", 1.0], ["93", 1.0], ["92", 1.0], ["9", 1.0], ["89", 1.0], ["86", 1.0], ["83", 1.0]]
"236"	[["98", 1.0], ["96", 1.0], ["95", 1.0], ["91", 1.0], ["86", 1.0], ["84", 1.0], ["80", 1.0], ["75", 1.0], ["74", 1.0], ["73", 1.0]]
"247"	[["94", 1.0], ["90", 1.0], ["9", 1.0], ["85", 1.0], ["609", 1.0], ["592", 1.0], ["589", 1.0], ["566", 1.0], ["559", 1.0], ["55", 1.0]]
"25"	[["246", 1.0000000000000002], ["99", 1.0], ["97", 1.0], ["94", 1.0], ["93", 1.0], ["90", 1.0], ["84", 1.0], ["81", 1.0], ["77", 1.0], ["7", 1.0]]
"250"	[["91", 1.0], ["88", 1.0], ["84", 1.0], ["82", 1.0], ["7", 1.0], ["65", 1.0], ["62", 1.0], ["607", 1.0], ["602", 1.0], ["600", 1.0]]
"258"	[["88", 1.0], ["80", 1.0], ["7", 1.0], ["66", 1.0], ["65", 1.0], ["64", 1.0], ["608", 1.0], ["60", 1.0], ["59", 1.0], ["589", 1.0]]
"261"	[["99", 1.0], ["98", 1.0], ["97", 1.0], ["94", 1.0], ["93", 1.0], ["82", 1.0], ["81", 1.0], ["75", 1.0], ["7", 1.0], ["67", 1.0]]
"269"	[["98", 1.0], ["95", 1.0], ["93", 1.0], ["89", 1.0], ["86", 1.0], ["82", 1.0], ["72", 1.0], ["606", 1.0], ["602", 1.0], ["601", 1.0]]
"272"	[["98", 1.0], ["89", 1.0], ["88", 1.0], ["86", 1.0], ["84", 1.0], ["83", 1.0], ["82", 1.0], ["8", 1.0], ["76", 1.0], ["75", 1.0]]
"283"	[["199", 1.0000000000000002], ["98", 1.0], ["96", 1.0], ["95", 1.0], ["86", 1.0], ["82", 1.0], ["78", 1.0], ["74", 1.0], ["7", 1.0], ["610", 1.0]]
"294"	[["31", 1.0000000000000002], ["92", 1.0], ["90", 1.0], ["88", 1.0], ["81", 1.0], ["80", 1.0], ["71", 1.0], ["67", 1.0], ["609", 1.0], ["60", 1.0]]
"302"	[["93", 1.0], ["9", 1.0], ["83", 1.0], ["74", 1.0], ["69", 1.0], ["609", 1.0], ["605", 1.0], ["591", 1.0], ["589", 1.0], ["587", 1.0]]
"313"	[["468", 1.0000000000000002], ["319", 1.0000000000000002], ["124", 1.0000000000000002], ["92", 1.0], ["85", 1.0], ["74", 1.0], ["65", 1.0], ["601", 1.0], ["589", 1.0], ["584", 1.0]]
"324"	[["95", 1.0], ["93", 1.0], ["87", 1.0], ["64", 1.0], ["606", 1.0], ["594", 1.0], ["591", 1.0], ["586", 1.0], ["585", 1.0], ["577", 1.0]]
"335"	[["600", 1.0000000000000002], ["368", 1.0000000000000002], ["99", 1.0], ["96", 1.0], ["94", 1.0], ["93", 1.0], ["90", 1.0], ["86", 1.0], ["84", 1.0], ["78", 1.0]]
"346"	[["273", 1.0000000000000002], ["192", 1.0000000000000002], ["93", 1.0], ["92", 1.0], ["90", 1.0], ["9", 1.0], ["87", 1.0], ["86", 1.0], ["8", 1.0], ["79", 1.0]]
"357"	[["99", 1.0], ["87", 1.0], ["67", 1.0], ["595", 1.0], ["569", 1.0], ["55", 1.0], ["547", 1.0], ["536", 1.0], ["515", 1.0], ["496", 1.0]]
"36"	[["98", 1.0], ["93", 1.0], ["9", 1.0], ["88", 1.0], ["82", 1.0], ["78", 1.0], ["76", 1.0], ["75", 1.0], ["62", 1.0], ["594", 1.0]]
"360"	[["95", 1.0], ["87", 1.0], ["74", 1.0], ["7", 1.0], ["66", 1.0], ["63", 1.0], ["610", 1.0], ["607", 1.0], ["603", 1.0], ["600", 1.0]]
"368"	[["536", 1.0000000000000002], ["394", 1.0000000000000002], ["383", 1.0000000000000002], ["98", 1.0], ["97", 1.0], ["86", 1.0], ["85", 1.0], ["77", 1.0], ["60", 1.0], ["598", 1.0]]
"371"	[["97", 1.0], ["93", 1.0], ["9", 1.0], ["84", 1.0], ["82", 1.0], ["73", 1.0], ["67", 1.0], ["61", 1.0], ["605", 1.0], ["601", 1.0]]
"379"	[["420", 1.0000000000000002], ["378", 1.0000000000000002], ["97", 1.0], ["88", 1.0], ["75", 1.0], ["74", 1.0], ["73", 1.0], ["71", 1.0], ["69", 1.0], ["67", 1.0]]
"382"	[["609", 1.0], ["577", 1.0], ["571", 1.0], ["565", 1.0], ["558", 1.0], ["548", 1.0], ["545", 1.0], ["544", 1.0], ["540", 1.0], ["539", 1.0]]
"393"	[["99", 1.0], ["97", 1.0], ["94", 1.0], ["609", 1.0], ["605", 1.0], ["60", 1.0], ["6", 1.0], ["598", 1.0], ["59", 1.0], ["579", 1.0]]
"401"	[["97", 1.0], ["96", 1.0], ["94", 1.0], ["93", 1.0], ["90", 1.0], ["9", 1.0], ["88", 1.0], ["84", 1.0], ["81", 1.0], ["8", 1.0]]
"409"	[["98", 1.0], ["97", 1.0], ["9", 1.0], ["85", 1.0], ["82", 1.0], ["8", 1.0], ["77", 1.0], ["75", 1.0], ["71", 1.0], ["7", 1.0]]
"412"	[["551", 1.0000000000000002], ["94", 1.0], ["90", 1.0], ["8", 1.0], ["77", 1.0], ["7", 1.0], ["67", 1.0], ["61", 1.0], ["609", 1.0], ["6", 1.0]]
"423"	[["542", 1.0000000000000002], ["99", 1.0], ["96", 1.0], ["89", 1.0], ["88", 1.0], ["72", 1.0], ["69", 1.0], ["62", 1.0], ["609", 1.0], ["606", 1.0]]
"434"	[["9", 1.0], ["87", 1.0], ["85", 1.0], ["591", 1.0], ["574", 1.0], ["568", 1.0], ["55", 1.0], ["547", 1.0], ["546", 1.0], ["545", 1.0]]
"445"	[["90", 1.0], ["9", 1.0], ["87", 1.0], ["85", 1.0], ["71", 1.0], ["70", 1.0], ["65", 1.0], ["609", 1.0], ["604", 1.0], ["60", 1.0]]
"456"	[["94", 1.0], ["93", 1.0], ["89", 1.0], ["81", 1.0], ["80", 1.0], ["8", 1.0], ["79", 1.0], ["77", 1.0], ["75", 1.0], ["610", 1.0]]
"467"	[["97", 1.0], ["95", 1.0], ["83", 1.0], ["79", 1.0], ["73", 1.0], ["66", 1.0], ["62", 1.0], ["610", 1.0], ["61", 1.0], ["607", 1.0]]
"47"	[["97", 1.0], ["96", 1.0], ["95", 1.0], ["94", 1.0], ["89", 1.0], ["81", 1.0], ["79", 1.0], ["74", 1.0], ["61", 1.0], ["609", 1.0]]
"470"	[["97", 1.0], ["89", 1.0], ["80", 1.0], ["79", 1.0], ["75", 1.0], ["74", 1.0], ["70", 1.0], ["67", 1.0], ["65", 1.0], ["62", 1.0]]
"478"	[["95", 1.0], ["93", 1.0], ["87", 1.0], ["86", 1.0], ["69", 1.0], ["63", 1.0], ["609", 1.0], ["604", 1.0], ["603", 1.0], ["602", 1.0]]
"481"	[["376", 1.0000000000000002], ["95", 1.0], ["93", 1.0], ["88", 1.0], ["87", 1.0], ["83", 1.0], ["82", 1.0], ["80", 1.0], ["7", 1.0], ["610", 1.0]]
"489"	[["184", 1.0000000000000002], ["598", 1.0], ["575", 1.0], ["568", 1.0], ["516", 1.0], ["505", 1.0], ["49", 1.0], ["467", 1.0], ["454", 1.0], ["442", 1.0]]
"492"	[["509", 1.0000000000000002], ["121", 1.0000000000000002], ["97", 1.0], ["94", 1.0], ["92", 1.0], ["89", 1.0], ["81", 1.0], ["80", 1.0], ["76", 1.0], ["75", 1.0]]
"5"	[["590", 1.0000000000000002], ["351", 1.0000000000000002], ["98", 1.0], ["95", 1.0], ["89", 1.0], ["88", 1.0], ["87", 1.0], ["85", 1.0], ["79", 1.0], ["75", 1.0]]
"50"	[["602", 1.0000000000000002], ["544", 1.0000000000000002], ["174", 1.00000000000000002], ["155", 1.0000000000000002], ["99", 1.0], ["97", 1.0], ["9", 1.0], ["8", 1.0], ["65", 1.0], ["60", 1.0]]
"500"	[["99", 1.0], ["98", 1.0], ["97", 1.0], ["90", 1.0], ["86", 1.0], ["83", 1.0], ["78", 1.0], ["76", 1.0], ["74", 1.0], ["73", 1.0]]
"508"	[["91", 1.0], ["89", 1.0], ["63", 1.0], ["605", 1.0], ["6", 1.0], ["597", 1.0], ["594", 1.0], ["590", 1.0], ["59", 1.0], ["573", 1.0]]
"511"	[["106", 1.0000000000000002], ["97", 1.0], ["9", 1.0], ["89", 1.0], ["86", 1.0], ["80", 1.0], ["8", 1.0], ["69", 1.0], ["64", 1.0], ["61", 1.0]]
"519"	[["98", 1.0], ["91", 1.0], ["89", 1.0], ["82", 1.0], ["8", 1.0], ["77", 1.0], ["76", 1.0], ["73", 1.0], ["65", 1.0], ["601", 1.0]]
"522"	[["99", 1.0], ["609", 1.0], ["60", 1.0], ["584", 1.0], ["583", 1.0], ["579", 1.0], ["575", 1.0], ["574", 1.0], ["569", 1.0], ["565", 1.0]]
"533"	[["98", 1.0], ["84", 1.0], ["8", 1.0], ["79", 1.0], ["78", 1.0], ["70", 1.0], ["7", 1.0], ["69", 1.0], ["67", 1.0], ["66", 1.0]]
"544"	[["96", 1.0], ["90", 1.0], ["86", 1.0], ["84", 1.0], ["78", 1.0], ["72", 1.0], ["603", 1.0], ["600", 1.0], ["599", 1.0], ["597", 1.0]]
"555"	[["92", 1.0], ["67", 1.0], ["65", 1.0], ["60", 1.0], ["598", 1.0], ["595", 1.0], ["589", 1.0], ["582", 1.0], ["575", 1.0], ["574", 1.0]]
"566"	[["214", 1.0000000000000002], ["97", 1.0], ["90", 1.0], ["89", 1.0], ["88", 1.0], ["79", 1.0], ["75", 1.0], ["74", 1.0], ["73", 1.0], ["67", 1.0]]
"577"	[["231", 1.0000000000000002], ["92", 1.0], ["9", 1.0], ["89", 1.0], ["88", 1.0], ["80", 1.0], ["77", 1.0], ["73", 1.0], ["69", 1.0], ["65", 1.0]]
"58"	[["97", 1.0], ["9", 1.0], ["88", 1.0], ["80", 1.0], ["73", 1.0], ["67", 1.0], ["62", 1.0], ["591", 1.0], ["585", 1.0], ["581", 1.0]]
"580"	[["578", 1.0], ["568", 1.0], ["565", 1.0], ["556", 1.0], ["545", 1.0], ["538", 1.0], ["536", 1.0], ["518", 1.0], ["499", 1.0], ["49", 1.0]]
"588"	[["540", 1.0000000000000002], ["275", 1.0000000000000002], ["90", 1.0], ["88", 1.0], ["79", 1.0], ["75", 1.0], ["74", 1.0], ["71", 1.0], ["70", 1.0], ["67", 1.0]]
"591"	[["97", 1.0], ["93", 1.0], ["90", 1.0], ["83", 1.0], ["75", 1.0], ["74", 1.0], ["73", 1.0], ["71", 1.0], ["70", 1.0], ["607", 1.0]]
"599"	[["245", 1.0000000000000002], ["578", 1.0], ["406", 1.0], ["333", 1.0], ["507", 0.9978990033712453], ["320", 0.9977851578566088], ["127", 0.9970544855015815], ["53", 0.9970544855015814], ["291", 0.9969039058784528], ["214", 0.9958603776322723]]
"607"	[["228", 1.0000000000000002], ["157", 1.0000000000000002], ["85", 1.0], ["67", 1.0], ["60", 1.0], ["598", 1.0], ["591", 1.0], ["583", 1.0], ["575", 1.0], ["568", 1.0]]
"61"	[["501", 1.0000000000000002], ["386", 1.0000000000000002], ["99", 1.0], ["96", 1.0], ["94", 1.0], ["93", 1.0], ["90", 1.0], ["81", 1.0], ["8", 1.0], ["78", 1.0]]
"610"	[["87", 1.0], ["85", 1.0], ["583", 1.0], ["578", 1.0], ["568", 1.0], ["545", 1.0], ["535", 1.0], ["499", 1.0], ["485", 1.0], ["442", 1.0]]
"69"	[["95", 1.0], ["94", 1.0], ["93", 1.0], ["89", 1.0], ["88", 1.0], ["77", 1.0], ["74", 1.0], ["73", 1.0], ["71", 1.0], ["70", 1.0]]
"72"	[["165", 1.0000000000000002], ["99", 1.0], ["98", 1.0], ["90", 1.0], ["9", 1.0], ["89", 1.0], ["83", 1.0], ["80", 1.0], ["74", 1.0], ["73", 1.0]]
"83"	[["494", 1.0000000000000002], ["99", 1.0], ["97", 1.0], ["94", 1.0], ["9", 1.0], ["79", 1.0], ["609", 1.0], ["6", 1.0], ["591", 1.0], ["588", 1.0]]
"94"	[["523", 1.0000000000000002], ["361", 1.0000000000000002], ["90", 1.0], ["80", 1.0], ["79", 1.0], ["73", 1.0], ["71", 1.0], ["70", 1.0], ["69", 1.0], ["67", 1.0]]
"103"	[["99", 1.0], ["90", 1.0], ["85", 1.0], ["71", 1.0], ["609", 1.0], ["591", 1.0], ["571", 1.0], ["566", 1.0], ["545", 1.0], ["544", 1.0]]
"114"	[["97", 1.0], ["96", 1.0], ["95", 1.0], ["94", 1.0], ["93", 1.0], ["90", 1.0], ["86", 1.0], ["83", 1.0], ["8", 1.0], ["79", 1.0]]
"125"	[["93", 1.0], ["9", 1.0], ["87", 1.0], ["71", 1.0], ["595", 1.0], ["594", 1.0], ["578", 1.0], ["576", 1.0], ["575", 1.0], ["572", 1.0]]
"13"	[["96", 1.0], ["94", 1.0], ["89", 1.0], ["86", 1.0], ["84", 1.0], ["79", 1.0], ["78", 1.0], ["77", 1.0], ["76", 1.0], ["75", 1.0]]
"136"	[["178", 1.0000000000000002], ["98", 1.0], ["97", 1.0], ["95", 1.0], ["86", 1.0], ["83", 1.0], ["80", 1.0], ["75", 1.0], ["74", 1.0], ["73", 1.0]]
"147"	[["99", 1.0], ["94", 1.0], ["93", 1.0], ["84", 1.0], ["8", 1.0], ["63", 1.0], ["600", 1.0], ["586", 1.0], ["580", 1.0], ["574", 1.0]]
"150"	[["95", 1.0], ["90", 1.0], ["8", 1.0], ["76", 1.0], ["74", 1.0], ["7", 1.0], ["66", 1.0], ["608", 1.0], ["607", 1.0], ["606", 1.0]]
"158"	[["95", 1.0], ["92", 1.0], ["91", 1.0], ["88", 1.0], ["87", 1.0], ["83", 1.0], ["82", 1.0], ["72", 1.0], ["606", 1.0], ["596", 1.0]]
"161"	[["97", 1.0], ["96", 1.0], ["95", 1.0], ["93", 1.0], ["90", 1.0], ["83", 1.0], ["82", 1.0], ["78", 1.0], ["71", 1.0], ["70", 1.0]]
"169"	[["90", 1.0], ["77", 1.0], ["74", 1.0], ["60", 1.0], ["598", 1.0], ["585", 1.0], ["577", 1.0], ["575", 1.0], ["556", 1.0], ["545", 1.0]]
"172"	[["493", 1.0000000000000002], ["93", 1.0], ["86", 1.0], ["84", 1.0], ["83", 1.0], ["79", 1.0], ["78", 1.0], ["76", 1.0], ["74", 1.0], ["72", 1.0]]
"183"	[["99", 1.0], ["98", 1.0], ["97", 1.0], ["94", 1.0], ["93", 1.0], ["81", 1.0], ["8", 1.0], ["77", 1.0], ["70", 1.0], ["609", 1.0]]
"194"	[["99", 1.0], ["89", 1.0], ["82", 1.0], ["7", 1.0], ["610", 1.0], ["61", 1.0], ["607", 1.0], ["604", 1.0], ["597", 1.0], ["594", 1.0]]
"202"	[["463", 1.0000000000000002], ["99", 1.0], ["98", 1.0], ["9", 1.0], ["88", 1.0], ["87", 1.0], ["598", 1.0], ["595", 1.0], ["591", 1.0], ["585", 1.0]]
"213"	[["93", 1.0], ["92", 1.0], ["9", 1.0], ["88", 1.0], ["81", 1.0], ["74", 1.0], ["71", 1.0], ["69", 1.0], ["609", 1.0], ["602", 1.0]]
"224"	[["90", 1.0], ["8", 1.0], ["76", 1.0], ["75", 1.0], ["73", 1.0], ["71", 1.0], ["69", 1.0], ["67", 1.0], ["62", 1.0], ["60", 1.0]]
"235"	[["95", 1.0], ["89", 1.0], ["88", 1.0], ["79", 1.0], ["75", 1.0], ["73", 1.0], ["71", 1.0], ["69", 1.0], ["67", 1.0], ["65", 1.0]]
"24"	[["321", 1.0000000000000002], ["206", 1.0000000000000002], ["121", 1.0000000000000002], ["92", 1.0], ["75", 1.0], ["70", 1.0], ["605", 1.0], ["604", 1.0], ["60", 1.0], ["598", 1.0]]
"246"	[["90", 1.0], ["8", 1.0], ["71", 1.0], ["70", 1.0], ["65", 1.0], ["598", 1.0], ["594", 1.0], ["584", 1.0], ["58", 1.0], ["579", 1.0]]
"257"	[["387", 1.0000000000000002], ["97", 1.0], ["95", 1.0], ["89", 1.0], ["88", 1.0], ["86", 1.0], ["82", 1.0], ["78", 1.0], ["77", 1.0], ["76", 1.0]]
"260"	[["99", 1.0], ["94", 1.0], ["92", 1.0], ["90", 1.0], ["87", 1.0], ["8", 1.0], ["79", 1.0], ["75", 1.0], ["72", 1.0], ["69", 1.0]]
"268"	[["93", 1.0], ["90", 1.0], ["88", 1.0], ["87", 1.0], ["77", 1.0], ["71", 1.0], ["70", 1.0], ["7", 1.0], ["69", 1.0], ["67", 1.0]]
"271"	[["279", 1.0000000000000002], ["93", 1.0], ["89", 1.0], ["88", 1.0], ["86", 1.0], ["84", 1.0], ["82", 1.0], ["80", 1.0], ["79", 1.0], ["78", 1.0]]
"279"	[["487", 1.0000000000000002], ["404", 1.0000000000000002], ["94", 1.0], ["9", 1.0], ["69", 1.0], ["574", 1.0], ["568", 1.0], ["564", 1.0], ["563", 1.0], ["558", 1.0]]
"282"	[["92", 1.0], ["9", 1.0], ["8", 1.0], ["604", 1.0], ["598", 1.0], ["578", 1.0], ["575", 1.0], ["564", 1.0], ["556", 1.0], ["55", 1.0]]
"293"	[["217", 1.0000000000000002], ["96", 1.0], ["95", 1.0], ["90", 1.0], ["9", 1.0], ["89", 1.0], ["86", 1.0], ["84", 1.0], ["73", 1.0], ["71", 1.0]]
"301"	[["97", 1.0], ["92", 1.0], ["90", 1.0], ["79", 1.0], ["75", 1.0], ["71", 1.0], ["61", 1.0], ["591", 1.0], ["585", 1.0], ["583", 1.0]]
"309"	[["99", 1.0], ["98", 1.0], ["97", 1.0], ["94", 1.0], ["85", 1.0], ["81", 1.0], ["79", 1.0], ["69", 1.0], ["67", 1.0], ["607", 1.0]]
"312"	[["99", 1.0], ["92", 1.0], ["85", 1.0], ["70", 1.0], ["591", 1.0], ["581", 1.0], ["58", 1.0], ["579", 1.0], ["576", 1.0], ["56", 1.0]]
"323"	[["97", 1.0], ["9", 1.0], ["89", 1.0], ["88", 1.0], ["87", 1.0], ["74", 1.0], ["71", 1.0], ["70", 1.0], ["67", 1.0], ["65", 1.0]]
"334"	[["609", 1.0000000000000002], ["583", 1.0000000000000002], ["214", 1.0000000000000002], ["133", 1.0000000000000002], ["9", 1.0], ["87", 1.0], ["598", 1.0], ["591", 1.0], ["58", 1.0], ["579", 1.0]]
"345"	[["520", 1.0000000000000002], ["98", 1.0], ["96", 1.0], ["8", 1.0], ["79", 1.0], ["76", 1.0], ["75", 1.0], ["62", 1.0], ["607", 1.0], ["605", 1.0]]
"35"	[["94", 1.0], ["93", 1.0], ["88", 1.0], ["86", 1.0], ["78", 1.0], ["75", 1.0], ["7", 1.0], ["69", 1.0], ["66", 1.0], ["63", 1.0]]
"356"	[["97", 1.0], ["87", 1.0], ["85", 1.0], ["79", 1.0], ["60", 1.0], ["598", 1.0], ["592", 1.0], ["589", 1.0], ["584", 1.0], ["583", 1.0]]
"367"	[["77", 1.0000000000000002], ["97", 1.0], ["96", 1.0], ["94", 1.0], ["9", 1.0], ["87", 1.0], ["86", 1.0], ["85", 1.0], ["83", 1.0], ["79", 1.0]]
"370"	[["244", 1.0000000000000002], ["99", 1.0], ["90", 1.0], ["79", 1.0], ["78", 1.0], ["71", 1.0], ["609", 1.0], ["60", 1.0], ["595", 1.0], ["591", 1.0]]
"378"	[["97", 1.0], ["94", 1.0], ["93", 1.0], ["9", 1.0], ["89", 1.0], ["84", 1.0], ["81", 1.0], ["8", 1.0], ["78", 1.0], ["72", 1.0]]
"381"	[["516", 1.0000000000000002], ["92", 1.0], ["87", 1.0], ["85", 1.0], ["576", 1.0], ["575", 1.0], ["547", 1.0], ["545", 1.0], ["496", 1.0], ["49", 1.0]]
"389"	[["98", 1.0], ["94", 1.0], ["81", 1.0], ["80", 1.0], ["8", 1.0], ["79", 1.0], ["77", 1.0], ["76", 1.0], ["75", 1.0], ["7", 1.0]]
"392"	[["160", 1.0000000000000002], ["86", 1.0], ["82", 1.0], ["79", 1.0], ["75", 1.0], ["73", 1.0], ["72", 1.0], ["70", 1.0], ["69", 1.0], ["63", 1.0]]
"4"	[["74", 1.0000000000000002], ["96", 1.0], ["78", 1.0], ["609", 1.0], ["60", 1.0], ["588", 1.0], ["584", 1.0], ["583", 1.0], ["582", 1.0], ["557", 1.0]]
"400"	[["99", 1.0], ["94", 1.0], ["9", 1.0], ["81", 1.0], ["73", 1.0], ["7", 1.0], ["605", 1.0], ["604", 1.0], ["602", 1.0], ["601", 1.0]]
"408"	[["507", 1.0000000000000002], ["455", 1.0000000000000002], ["395", 1.0000000000000002], ["347", 1.0000000000000002], ["92", 1.0], ["8", 1.0], ["79", 1.0], ["70", 1.0], ["65", 1.0], ["61", 1.0]]
"411"	[["98", 1.0], ["92", 1.0], ["89", 1.0], ["87", 1.0], ["80", 1.0], ["79", 1.0], ["75", 1.0], ["73", 1.0], ["601", 1.0], ["60", 1.0]]
"419"	[["437", 1.0000000000000002], ["99", 1.0], ["98", 1.0], ["97", 1.0], ["94", 1.0], ["90", 1.0], ["9", 1.0], ["87", 1.0], ["81", 1.0], ["79", 1.0]]
"422"	[["98", 1.0], ["88", 1.0], ["80", 1.0], ["79", 1.0], ["77", 1.0], ["70", 1.0], ["62", 1.0], ["609", 1.0], ["604", 1.0], ["594", 1.0]]
"433"	[["99", 1.0], ["98", 1.0], ["95", 1.0], ["94", 1.0], ["90", 1.0], ["86", 1.0], ["85", 1.0], ["80", 1.0], ["72", 1.0], ["71", 1.0]]
"444"	[["98", 1.0], ["89", 1.0], ["88", 1.0], ["75", 1.0], ["74", 1.0], ["71", 1.0], ["70", 1.0], ["65", 1.0], ["595", 1.0], ["59", 1.0]]
"455"	[["72", 1.0000000000000002], ["355", 1.0000000000000002], ["96", 1.0], ["79", 1.0], ["70", 1.0], ["67", 1.0], ["65", 1.0], ["62", 1.0], ["61", 1.0], ["595", 1.0]]
"46"	[["98", 1.0], ["96", 1.0], ["95", 1.0], ["89", 1.0], ["80", 1.0], ["79", 1.0], ["76", 1.0], ["7", 1.0], ["62", 1.0], ["601", 1.0]]
"466"	[["90", 1.0], ["9", 1.0], ["74", 1.0], ["70", 1.0], ["609", 1.0], ["607", 1.0], ["602", 1.0], ["60", 1.0], ["597", 1.0], ["594", 1.0]]
"477"	[["99", 1.0], ["576", 1.0], ["574", 1.0], ["556", 1.0], ["55", 1.0], ["547", 1.0], ["545", 1.0], ["535", 1.0], ["53", 1.0], ["515", 1.0]]
"480"	[["87", 1.0], ["85", 1.0], ["578", 1.0], ["547", 1.0], ["53", 1.0], ["505", 1.0], ["499", 1.0], ["355", 1.0], ["320", 1.0], ["3", 1.0]]
"488"	[["95", 1.0], ["85", 1.0], ["78", 1.0], ["69", 1.0], ["61", 1.0], ["604", 1.0], ["60", 1.0], ["598", 1.0], ["592", 1.0], ["591", 1.0]]
"491"	[["8", 1.0000000000000002], ["446", 1.0000000000000002], ["436", 1.0000000000000002], ["117", 1.0000000000000002], ["98", 1.0], ["96", 1.0], ["94", 1.0], ["86", 1.0], ["84", 1.0], ["70", 1.0]]
"499"	[["83", 1.0000000000000002], ["88", 1.0], ["84", 1.0], ["80",  1.0], ["75", 1.0], ["74", 1.0], ["7", 1.0], ["66", 1.0], ["63", 1.0], ["610", 1.0]]
"507"	[["141", 1.0000000000000002], ["97", 1.0], ["83", 1.0], ["79", 1.0], ["73", 1.0], ["70", 1.0], ["61", 1.0], ["606", 1.0], ["598", 1.0], ["596", 1.0]]
"510"	[["98", 1.0], ["97", 1.0], ["96", 1.0], ["90", 1.0], ["81", 1.0], ["8", 1.0], ["75", 1.0], ["73", 1.0], ["72", 1.0], ["70", 1.0]]
"518"	[["95", 1.0], ["88", 1.0], ["79", 1.0], ["76", 1.0], ["75", 1.0], ["73", 1.0], ["66", 1.0], ["63", 1.0], ["608", 1.0], ["607", 1.0]]
"521"	[["45", 1.0000000000000002], ["368", 1.0000000000000002], ["181", 1.0000000000000002], ["169", 1.0000000000000002], ["96", 1.0], ["92", 1.0], ["86", 1.0], ["78", 1.0], ["76", 1.0], ["74", 1.0]]
"529"	[["573", 1.0000000000000002], ["96", 1.0], ["91", 1.0], ["90", 1.0], ["86", 1.0], ["8", 1.0], ["78", 1.0], ["72", 1.0], ["610", 1.0], ["609", 1.0]]
"532"	[["94", 1.0], ["93", 1.0], ["90", 1.0], ["9", 1.0], ["80", 1.0], ["77", 1.0], ["72", 1.0], ["71", 1.0], ["65", 1.0], ["61", 1.0]]
"543"	[["99", 1.0], ["97", 1.0], ["96", 1.0], ["80", 1.0], ["8", 1.0], ["77", 1.0], ["75", 1.0], ["74", 1.0], ["71", 1.0], ["70", 1.0]]
"554"	[["90", 1.0], ["9", 1.0], ["85", 1.0], ["8", 1.0], ["73", 1.0], ["61", 1.0], ["604", 1.0], ["598", 1.0], ["596", 1.0], ["589", 1.0]]
"565"	[["97", 1.0], ["90", 1.0], ["89", 1.0], ["80", 1.0], ["76", 1.0], ["74", 1.0], ["69", 1.0], ["61", 1.0], ["60", 1.0], ["595", 1.0]]
"57"	[["92", 1.0], ["88", 1.0], ["87", 1.0], ["65", 1.0], ["61", 1.0], ["582", 1.0], ["574", 1.0], ["568", 1.0], ["563", 1.0], ["556", 1.0]]
"576"	[["387", 1.0000000000000002], ["92", 1.0], ["91", 1.0], ["84", 1.0], ["68", 1.0], ["66", 1.0], ["610", 1.0], ["580", 1.0], ["58", 1.0], ["577", 1.0]]
"587"	[["87", 1.0], ["83", 1.0], ["80", 1.0], ["77", 1.0], ["75", 1.0], ["67", 1.0], ["62", 1.0], ["61", 1.0], ["601", 1.0], ["591", 1.0]]
"590"	[["92", 1.0], ["85", 1.0], ["545", 1.0], ["431", 1.0], ["35", 1.0], ["324", 1.0], ["320", 1.0], ["207", 1.0], ["147", 1.0], ["360", 0.9994259471398348]]
"598"	[["98", 1.0], ["91", 1.0], ["89", 1.0], ["84", 1.0], ["79", 1.0], ["7", 1.0], ["67", 1.0], ["65", 1.0], ["63", 1.0], ["61", 1.0]]
"60"	[["221", 1.0000000000000002], ["87", 1.0], ["86", 1.0], ["82", 1.0], ["80", 1.0], ["79", 1.0], ["78", 1.0], ["77", 1.0], ["73", 1.0], ["70", 1.0]]
"606"	[["99", 1.0], ["92", 1.0], ["87", 1.0], ["569", 1.0], ["547", 1.0], ["545", 1.0], ["53", 1.0], ["506", 1.0], ["499", 1.0], ["478", 1.0]]
"68"	[["87", 1.0], ["574", 1.0], ["568", 1.0], ["536", 1.0], ["499", 1.0], ["444", 1.0], ["333", 1.0], ["324", 1.0], ["245", 1.0], ["576", 0.9998377150265199]]
"71"	[["451", 1.0000000000000002], ["98", 1.0], ["97", 1.0], ["93", 1.0], ["90", 1.0], ["89", 1.0], ["83", 1.0], ["81", 1.0], ["79", 1.0], ["77", 1.0]]
"79"	[["98", 1.0], ["97", 1.0], ["94", 1.0], ["89", 1.0], ["81", 1.0], ["77", 1.0], ["73", 1.0], ["67", 1.0], ["62", 1.0], ["605", 1.0]]
"82"	[["71", 1.0000000000000002], ["90", 1.0], ["88", 1.0], ["74", 1.0], ["61", 1.0], ["598", 1.0], ["595", 1.0], ["585", 1.0], ["582", 1.0], ["579", 1.0]]
"93"	[["98", 1.0], ["9", 1.0], ["86", 1.0], ["85", 1.0], ["83", 1.0], ["80", 1.0], ["79", 1.0], ["76", 1.0], ["73", 1.0], ["67", 1.0]]
